,"I140 PP, 140/485 cc",Center,Type,"I-485
Received
 Date",Notice Date_FP,Walk-In?,Walk-in Office Location,"AP / EAD 
Approved 
Date",Days between RD and FP,Days between RD and AP/EAD ,"Finger
Print
Schedule
Day",FP Date,"485 
Approved
 Date","Green Card Received Date
","Days
between
 AP/EAD Day and
 485 AD Day","Days
between
 FP Day and
 485 AD Day","Days
 between
 RD and 
485 AD Day",I485 Pending day,Percentage of Cases Faster than Yours?,"--> Please sort by Receive date!
To New user, 
Please play with other sheet,
your changes are permanent!"
nnn2015,"PP, non cc ",tsc,eb1a,10/23/2015,10/31/2015,NO,,,,,11/16/2015,11/16/2015,12/7/2015,,,23,45,,13.80%,
schen17,"pp, nonCC",TSC,EB1A,10/26/2015,10/31/2015,Yes,"Nashville, TN",,11,,11/19/2015,11/6/2015,Blessing,,,,,52,,
ll,"pp, nonCC",TSC,EB1A,10/22/2015,N/A,,,,,,N/A,,Blessing,,,,,56,,
awesome2015,"PP, non cc",TSC,EB1B,10/13/2015,10/24/2015,NO,"San Antonio, TX",,29,,11/12/2015,11/12/2015,Blessing,,,,,65,,
Will,"PP, non cc",TSC,EB1A,10/13/2015,11/3/2015,NO,"Hartford, CT",,28,,11/10/2015,11/10/2015,Blessing,,,,,65,,
anonymous-bs,"pp, nonCC",TSC,EB1A,9/28/2015,10/12/2015,NO,"Boston, MA",,28,,10/26/2015,10/26/2015,Blessing,,,,,80,,
bookworm,"pp, non-cc",TSC,EB1A,9/24/2015,10/3/2015,no,"Boston, MA",,27,,10/21/2015,10/21/2015,Blessing,,,,,84,,
kevin,"PP, non-CC",TSC,EB1A,9/22/2015,9/30/2015,No,"Hartford, CT",,24,,10/16/2015,,Blessing,,,,,86,,
xf775,"PP, non-CC",TSC,EB1A,9/15/2015,9/24/2015,No,"Tampa, FL",,21,,10/6/2015,10/6/2015,Blessing,,,,,93,,
yuan,"PP, non-CC",TSC,EB1A,9/11/2015,9/18/2015,No,"Boston, MA",12/11/2015,28,91,10/7/2015,10/7/2015,Blessing,,,,,97,,
anonymous-sn,"PP, non-CC",TSC,EB1A,9/10/2015,9/19/2015,Yes,"Baltimore, MD",,22,,10/9/2015,10/2/2015,Blessing,,,,,98,,"EAD/AP approved on 12-08-2015, I-485 transfered to NSC on 11-30-2015"
melody,"non PP, non CC",TSC,EB1B,9/2/2015,,No,MA,,27,,9/29/2015,9/29/2015,Blessing,,,,,106,,
rossxu,"PP, non-CC",TSC,EB1A,9/2/2015,9/11/2015,No,NJ,12/2/2015,29,91,10/1/2015,10/1/2015,Blessing,,,,,106,,
leopardo,"PP, non-CC",TSC,EB1A,8/26/2015,,Yes,"Boston, MA",11/3/2015,15,69,9/14/2015,9/10/2015,Blessing,,,,,113,,
anonymous-gc,"pp,nonCC",TSC,EB1B,8/25/2015,9/4/2015,No,"Alexandria, VA",11/16/2015,28,83,9/22/2015,9/22/2015,Blessing,,,,,114,,
djp,"non-pp, non-CC",TSC,EB1A,8/24/2015,9/2/2015,"Yes
",LA,,14,,,9/7/2015,Blessing,,,,,115,,
StaticPulse,"PP, non CC",TSC,EB1B,8/21/2015,8/27/2015,"Yes
","San Antonio, TX",11/10/2015,21,81,9/14/2015,9/11/2015,Blessing,,,,,118,,
Kaka,"PP, non-CC",TSC,EB1B,8/17/2015,,"Yes
",MA,11/9/2015,11,84,9/11/2015,8/28/2015,Blessing,,,,,122,,
ooeehh,"PP, non-CC",TSC,EB1A,8/17/2015,8/28/2015,Yes,GA,11/5/2015,17,80,9/10/2015,9/3/2015,Blessing,,,,,122,,
llstudio,"PP, non-CC",TSC,EB1A,8/12/2015,8/22/2015,Yes,"Charleston, SC",11/4/2015,20,84,9/9/2015,9/1/2015,Blessing,,,,,127,,
lovedream15,"PP, non-CC",TSC,EB1A,8/11/2015,8/24/2015,Yes,"Pittsburgh, PA",11/4/2015,16,85,9/10/2015,8/27/2015,Blessing,,,,,128,,
ark,"PP, non-CC",TSC,EB1A,8/10/2015,8/27/2015,Yes,"Sugarland, TX",11/4/2015,22,86,9/11/2015,9/1/2015,Blessing,,,,,129,,
culater,"PP, non-CC",TSC,EB1A,7/31/2015,8/14/2015,Yes,"New York, NY",10/20/2015,18,81,8/28/2015,8/18/2015,Blessing,,,,,139,,
pureland,"PP, non-CC",TSC,EB1A,7/28/2015,8/3/2015,No,"Sugarland, TX",10/21/2015,24,85,8/21/2015,8/21/2015,12/3/2015,12/9/2015,,,,142,,副申请人还没绿
lin123,"PP, non-CC",TSC,EB1A,7/27/2015,8/10/2015,No,"New York, NY",10/14/2015,31,79,8/27/2015,8/27/2015,Blessing,,,,,143,,
kflili,"PP, non-CC",TSC,EB1A,7/24/2015,8/1/2015,No,"Nashville,TN",9/30/2015,30,68,8/21/2015,8/21/2015,Blessing,,,,,146,,
ilybb,"PP, non-CC",TSC,EB1A,7/24/2015,8/1/2015,Yes,"Austin, TX",,17,,8/17/2015,8/10/2015,10/1/2015,,,52,69,,39.70%,副申请人10/5 爆绿；主副485同时交的
cwbluesky,"PP, non-CC",TSC,EB1A,7/22/2015,8/1/2015,no,"Baltimore, MD",10/7/2015,28,77,8/19/2015,8/19/2015,Blessing,,,,,148,,
little,"PP,non-CC",TSC,EB1B,7/20/2015,8/5/2015,,"Boston,MA",,,,8/21/2015,,Blessing,,,,,150,,
lisa,"PP,non-CC",NSc,EB1A,7/17/2015,,,,,,,,,Blessing,,,,,153,,
Bixi,"PP, non-CC",TSC,EB1A,7/16/2015,8/5/2015,no,"Boston, MA",10/2/2015,21,78,8/14/2015,8/14/2015,Blessing,,,,,154,,
cooltxeel,"pp,non-cc",TSC,EB1A,7/15/2015,9/12/2015,NO,"Austin, TX",9/30/2015,21,77,9/30/2015,9/30/2015,Blessing,,,,,155,,
nishang,"PP, non-CC",TSC,EB1A,7/15/2015,,Yes,"Elisabeth, NJ",,20,,8/4/2015,8/4/2015,Blessing,,,,,155,,
thirdwave,"pp, non-cc",TSC,EB1B,7/13/2015,7/17/2015,no,"Baltimore, MD",,23,,8/5/2015,8/5/2015,Blessing,,,,,157,,
"KG
","PP,non-CC",TSC,EB1B,7/13/2015,,,,,,,,,Blessing,,,,,157,,
shotxu,"PP, non-CC",TSC,EB1B,7/10/2015,7/18/2015,yes,"Fort Myers, FL",10/1/2015,18,83,8/6/2015,7/28/2015,Blessing,,,,,160,,
Grace,non-cc,TSC,EB1B,7/9/2015,7/23/2015,yes,"ABQ, NM",,25,,8/3/2015,8/3/2015,Blessing,,,,,161,,
anonymous,"non-pp, non-CC",TSC,EB1A,7/9/2015,7/17/2015,yes,"Baltimore,MD",9/24/2015,18,77,8/6/2015,7/27/2015,Blessing,,,,,161,,
eastham,"pp, non-CC",TSC,EB1A,7/9/2015,7/17/2015,yes,"Boston, MA",9/23/2015,18,76,8/3/2015,7/27/2015,Blessing,,,,,161,,主申请人EAD/AP approved; 副申请人EAD/AP approved on 10/1/2015
anonymous,"pp, non-CC",TSC,EB1A,7/7/2015,7/17/2015,No,"Dallas, TX",10/3/2015,28,88,8/4/2015,8/4/2015,12/3/2015,,61,121,149,,84.10%,主副同绿
feifei,"pp, non-CC",TSC,EB1A,7/7/2015,7/18/2015,No,"Elizabeth, NJ",,29,,8/5/2015,8/5/2015,Blessing,,,,,163,,
yrzgyy,"pp, non-CC",TSC,EB1A,7/7/2015,7/17/2015,yes,"Durham, NC",9/29/2015,31,84,8/4/2015,8/7/2015,Blessing,,,,,163,,
lin,"pp, non-CC",TSC,EB1A,7/6/2015,7/22/2015,Yes,"Boston, MA",,22,,8/6/2015,7/28/2015,Blessing,,,,,164,,
HexiToFor,"PP, CC",TSC,EB1A,7/6/2015,7/16/2015,YES,"Alexandria, VA",9/4/2015,11,60,7/31/2015,7/17/2015,10/7/2015,,33,82,93,,62.90%,副申请人EAD/AP approved on 9/30/2015; 485主副申请人同时approved
kobefanfan,"PP,non-CC",TSC,EB1A,7/2/2015,7/16/2015,Yes,"Durham, NC",,15,,7/27/2015,7/17/2015,Blessing,,,,,168,,
Hugo,"PP, CC",TSC,EB1A,7/2/2015,7/16/2015,yes,PA,9/24/2015,22,85,7/28/2015,7/24/2015,10/29/2015,,35,97,119,,74.70%,主副隔一天EAD/AP批准
bliu,"pp, non-CC",TSC,EB1A,7/1/2015,7/11/2015,No,WA,9/23/2015,26,84,7/27/2015,7/27/2015,Blessing,,,,,169,,主副隔两天EAD/AP批准
SD,"PP, non-CC",TSC,EB1A,7/1/2015,7/10/2015,Yes,"Sugarland, TX",9/21/2015,20,82,7/27/2015,7/21/2015,Blessing,,,,,169,,
zcxt,"PP, CC",TSC,EB1A,6/29/2015,7/11/2015,No,CT,9/16/2015,30,79,7/29/2015,7/29/2015,Blessing,,,,,171,,
uteagle,"PP, CC",TSC,EB1B,6/26/2015,7/7/2015,No,"Houston, TX",8/22/2015,26,57,,7/22/2015,Blessing,,,,,174,,Requested I765 Expedite procededure and approved.
h,"pp, non-CC",TSC,EB1A,6/26/2015,7/7/2015,No,NJ,,24,,7/22/2015,7/20/2015,Blessing,,,,,174,,
l,"pp, non-CC",TSC,EB1B,6/24/2015,7/6/2015,No,TN,9/21/2015,29,89,7/23/2015,7/23/2015,10/16/2015,10/22/2015,25,85,114,,72.30%,
bubu,"pp, non-CC",TSC,EB1B,6/22/2015,6/27/2015,"Yes
",NY,9/15/2015,15,85,7/14/2015,7/7/2015,Blessing,,,,,178,,
anonymous,"pp,non-CC",TSC,EB1A,6/19/2015,6/27/2015,Yes,"Baltimore,MD",,19,,7/17/2015,7/8/2015,Blessing,,,,,181,,
dreamdog,"pp, non-CC",TSC,EB1B,6/17/2015,6/24/2015,NO,"Tampa, FL",10/3/2015,,,7/11/2015,7/11/2015,Blessing,,,,,,,
whx4318,"pp, non-CC",TSC,EB1A,6/16/2015,6/26/2015,Yes,"Boston, MA",9/16/2015,31,92,7/17/2015,7/17/2015,Blessing,,,,,184,,主副EAD/AP同时approve
Colourdragon,"non-pp, non-CC",TSC,EB1A,6/15/2015,6/19/2015,Yes,"Boston MA
",9/3/2015,25,80,7/10/2015,7/10/2015,Blessing,,,,,185,,
Michael,"pp, non-CC",TSC,EB1A,6/15/2015,6/20/2015,No,"Houston, TX",9/9/2015,24,84,7/9/2015,7/9/2015,Blessing,,,,,185,,
A2,"PP, non-CC",TSC,EB1B,6/12/2015,6/29/2015,No,,,27,,7/9/2015,7/9/2015,Blessing,,,,,188,,
shjimli,"non-pp, non-CC",TSC,EB1A,6/12/2015,6/20/2015,Yes,"Jacksonville, FL",9/10/2015,18,90,7/8/2015,6/30/2015,Blessing,,,,,188,,
termaze,"PP, non CC",TSC,EB1B,6/9/2015,6/22/2015,Yes,"Fort Smith, AR",,17,,7/7/2015,6/26/2015,10/1/2015,,,97,114,,72.30%,
zhou,"pp, non-CC",TSC,EB1A,6/2/2015,6/13/2015,No,"Boston MA
",,28,,6/30/2015,6/30/2015,Blessing ,,,,,198,,
anonymous,"pp, non-CC",TSC,EB1A,6/1/2015,6/18/2015,Yes,"Houston, TX",,18,,6/30/2015,6/19/2015,Blessing,,,,,199,,
yeyewuyu,"pp, non-CC",TSC,EB1A,6/1/2015,6/13/2015,Yes,"Austin, TX",8/18/2015,23,78,7/1/2015,6/24/2015,10/7/2015,,50,105,128,,78.40%,
James,"PP,CC",TSC,EB1B,5/29/2015,6/6/2015,No,"Louisville, KY",10/3/2015,28,127,6/26/2015,6/26/2015,10/22/2015,,19,118,146,,82.70%,
seahearman,"non-pp,non-cc",TSC,EB1B,5/28/2015,6/27/2015,No,NC,,60,,7/27/2015,7/27/2015,Blessing,,,,,203,,
qingmo17,"pp, non-CC",TSC,EB1B,5/28/2015,6/13/2015,No,,,34,,7/1/2015,7/1/2015,Blessing,,,,,203,,
wangkf,"pp, non-CC",TSC,EB1A,5/28/2015,6/14/2015,No,"Baltimore, MD
",,34,,7/1/2015,7/1/2015,Blessing,,,,,203,,
FF,"pp, non-CC",TSC,EB1A,5/28/2015,6/13/2015,No,TN,8/21/2015,32,,6/29/2015,6/29/2015,Blessing ,,,,,203,,
liuliu,"pp, non-CC",TSC,EB1A,5/28/2015,6/6/2015,Yes,MA,8/10/2015,15,74,6/26/2015,6/12/2015,Blessing,,,,,203,,
simonsun,"pp, non-CC",TSC,EB1A,5/26/2015,7/10/2015,Yes,"San Jose, CA",7/28/2015,55,63,7/27/2015,7/20/2015,Blessing,,,,,205,,"I140 in NSC, I485 sent to CSC, then transferred to TSC"
tonywang,"pp,non-CC
",TSC,EB1B,5/19/2015,5/26/2015,yes,MA,8/10/2015,36,83,6/24/2015,6/24/2015,8/10/2015,,0,47,83,,53.60%,
Greengreen,"pp,non-CC",TSC,EB1A,5/19/2015,5/26/2015,Yes,NC,8/10/2015,28,,6/23/2015,6/16/2015,Blessing,,,,,212,,
mianao,"PP,non-cc",TSC,EB1b,5/18/2015,6/1/2015,No,LA,,31,,6/18/2015,6/18/2015,8/14/2015,,,57,88,,57.20%,主绿，副EAD/AP Approved on 08/06/2015
Sbzsz,"PP, N CC",TSC,EB1A,5/18/2015,6/1/2015,Yes,,,21,,6/18/2015,6/8/2015,8/6/2015,,,59,80,,51.30%,主綠，副EAD/AP approved on 8/10/2015
Maimai,"pp, non-CC",TSC,EB1A,5/18/2015,5/23/2015,No,NH,,24,,6/11/2015,6/11/2015,6/29/2015,7/24/2015,,18,42,,11.00%,副 7/10
y,"PP,non-cc",TSC,EB1A,5/18/2015,5/23/2015,No,MA,,24,,6/11/2015,6/11/2015,6/29/2015,7/9/2015,,18,42,,11.00%,"主绿，附卡还没批, 副EAD/AP approved on 8/7/2015"
greener,"pp,cc",TSC,EB1B,5/13/2015,5/15/2015,NO,MA,,23,,6/5/2015,6/5/2015,7/22/2015,,,47,70,,41.10%,主副同绿
bin,"non-pp, non CC",TSC,EB2,5/11/2015,5/18/2015,Yes,"Buffalo, NY",,17,,6/11/2015,5/28/2015,Blessing,,,,,220,,
greenie,"pp, non-CC",TSC,EB1A,5/11/2015,5/16/2015,No,TX,7/27/2015,25,77,6/5/2015,6/5/2015,Blessing,,,,,220,,
max,"pp, non CC",TSC,EB1A,5/8/2015,5/29/2015,Yes,NC,7/27/2015,28,80,6/9/2015,6/5/2015,10/28/2015,11/4/2015,,145,173,,90.40%,
Jesse,"pp, non-CC",TSC,EB1A,5/8/2015,5/21/2015,Yes,NY,7/23/2015,14,76,6/2/2015,5/22/2015,Blessing,,,,,223,,
sf,"pp, non-CC",TSC,EB1A,5/7/2015,5/15/2015,Yes,SC,,26,,6/10/2015,6/2/2015,7/17/2015,,,45,71,,42.20%,
"jacob
","PP, CC",TSC,EB1A,5/7/2015,5/9/2015,No,PA,,19,,5/26/2015,5/26/2015,Blessing,,,,,224,,"副EAD7/31批准
"
Yangsta,"pp, non-CC",TSC,EB1A,5/6/2015,5/20/2015,Yes,PA,,29,,6/4/2015,6/4/2015,7/13/2015,,,39,68,,38.70%,主副同绿
echaocn,"PP, non-CC",TSC,EB1A,5/5/2015,5/15/2015,No,MD,7/14/2015,29,70,6/3/2015,6/3/2015,7/25/2015,,,52,81,,52.50%,副EAD批准7/14，主副7/25绿卡批
xiaoJ,"non-pp, non CC",TSC,EB2,5/4/2015,5/22/2015,No,,,32,,6/5/2015,6/5/2015,6/13/2015,6/22/2015,,8,40,,9.00%,"6/15, welcome notice mailed. 6/17, card mailed. Primary and dependent approved at the same time. God bless everybody!"
BING,"PP,non CC
",TSC,EB1A,4/30/2015,NONE,Yes,NYC,,29,,NONE,5/29/2015,Blessing,,,,,231,,
xyz16,"PP, non CC",TSC,EB1A,4/29/2015,5/13/2015,No,NYC,7/22/2015,30,84,5/29/2015,5/29/2015,Blessing,,,,,232,,
poetaster,"pp, non-CC",TSC,EB1A,4/29/2015,5/11/2015,Yes,NY,6/19/2015,16,51,5/26/2015,5/15/2015,Blessing,,,,,232,,
Chanticler,"PP, CC",TSC,EB1A,4/29/2015,5/1/2015,No,MD,6/15/2015,21,47,5/20/2015,5/20/2015,6/16/2015,6/24/2015,1,27,48,,15.30%,主副同绿
Y Wu,"PP, non CC",TSC,EB1A,4/28/2015,5/1/2015,no,,6/11/2015,22,44,5/20/2015,5/20/2015,6/12/2015,6/19/2015,1,23,44,,12.40%,
Y Wang,"PP, non CC",TSC,EB1A,4/28/2015,5/1/2015,no,,,22,,5/20/2015,5/20/2015,6/12/2015,6/19/2015,,23,44,,12.40%,
cw,"PP, non-CC",TSC,EB1A,4/28/2015,,No,,6/11/2015,21,44,5/19/2015,5/19/2015,7/28/2015,,47,70,90,,59.70%,附卡还没批
guitarplayer,"PP, non-CC",TSC,EB1A,4/28/2015,,,,7/14/2015,21,77,,5/19/2015,11/4/2015,,113,169,186,,92.70%,
GordonGekko,"PP, non CC",TSC,EB1B,4/24/2015,5/1/2015,No,NJ,7/10/2015,26,77,5/20/2015,5/20/2015,Blessing,,,,,237,,副申请人EAD/AP批准7/29
CC,,TSC,,4/23/2015,5/1/2015,No,MA,6/25/2015,26,63,5/19/2015,5/19/2015,Blessing,,,,,238,,
sunlu,"PP, non CC",TSC,EB1B,4/22/2015,5/4/2015,No,,,20,,5/12/2015,5/12/2015,6/2/2015,,,21,40,,9.00%,
HK,"PP, non CC",TSC,EB1B,4/22/2015,5/2/2015,Yes,,,14,,5/11/2015,5/6/2015,Blessing,,,,,239,,
Z,"PP, non CC",TSC,EB1B,4/22/2015,5/2/2015,No,"Boston MA
",6/25/2015,29,64,5/21/2015,5/21/2015,7/24/2015,,29,,93,,62.90%,
stevez,"PP, non CC",TSC,EB1B,4/21/2015,5/2/2015,Yes,"Dallas, TX",,23,,5/18/2015,5/14/2015,6/24/2015,7/7/2015,,41,63,,31.40%,NO filing for EAD or AP
ponnyblue,"PP, non CC",TSC,EB1A,4/21/2015,5/2/2015,No,TN,7/8/2015,27,78,5/18/2015,5/18/2015,Blessing,,,,,240,,副申请人EAD/AP 7/20/15 批 （整整90天）
sepblues,"PP, non CC",TSC,EB1A,4/21/2015,5/1/2015,no,MD,,30,,5/21/2015,5/21/2015,6/19/2015,6/24/2015,,29,58,,27.10%,主副同绿
CY,"non-pp, CC",TSC,EB1A,4/21/2015,4/28/2015,No,TX,7/15/2015,29,77,5/20/2015,5/20/2015,10/30/2015,,107,163,189,,93.30%,
Merry,"PP, non CC",TSC,"EB1B
",4/20/2015,4/24/2015,No,PA,5/20/2015,23,30,5/14/2015,5/13/2015,6/13/2015,,24,31,53,,22.40%,主副同绿
Ronnie,,TSC,EB1A,4/20/2015,4/30/2015?,No,Hartford,5/27/2015,23,36,5/14/2015,5/14/2015,,,,,,,,
freek,"PP, non CC",TSC,EB1A,4/20/2015,5/2/2015,No,"Boston, MA",5/18/2015,21,28,5/11/2015,5/11/2015,Blessing,,,,,241,,副申请人EAD/AP 7/8批了
acumen,"PP, non CC",TSC,EB1B,4/16/2015,4/24/2015,No,,,25,,5/11/2015,5/11/2015,6/30/2015,,,,75,,46.40%,
G,"PP, non CC",TSC,EB1A,4/16/2015,4/24/2015,No,"New York City, NY",,29,,5/15/2015,5/15/2015,6/9/2015,6/15/2015,,25,53,,22.40%,主副同绿
NH001,"no pp, non CC",TSC,EB2,4/15/2015,4/29/2015,No,"Bedford, NH",,28,,5/13/2015,5/13/2015,Blessing,,,,,246,,
hc007,"pp, non CC",TSC,EB2,4/14/2015,4/27/2015,yes,"atlanta,GA",7/9/2015,28,,5/20/2015,5/12/2015,Blessing,,,,,,,
JC,"pp,",TSC,EB1A,4/14/2015,4/21/2015,Yes,CT,6/5/2015,28,52,5/12/2015,5/12/2015,Blessing,,,,,247,,(6/5/2015) 主副的EAD 批了; 
Echo,"PP, non CC",TSC,EB1A,4/10/2015,4/17/2015,Yes,"ABQ,NM",7/1/2015,18,82,5/4/2015,4/28/2015,Blessing,,,,,251,,"主副的EAD/AP 批了, 75天过完之后，打电话service request了一下，周五打电话，下个周三就批了"
QM,"PP, non CC",TSC,EB1A,4/10/2015,4/17/2015,No,"Memphis, TN",5/22/2015,27,42,5/7/2015,5/7/2015,Blessing,,,,,251,,主副的EAD/AP 批了
amd,"PP, non CC",TSC,EB1B,4/8/2015,4/13/2015,yes,AR,5/16/2015,19,38,5/7/2015,4/27/2015,5/16/2015,,0,19,38,,6.50%,主485批了，主副的EAD/AP 批了
Michelle,,,EB1C,4/7/2015,4/20/2015,,,,,,,,Blessing,,,,,254,,
cc,"PP, non CC",TSC,EB1B,4/7/2015,4/21/2015,No,"Sugarland, TX",5/13/2015,31,36,5/8/2015,5/8/2015,Blessing,,,,,254,,主副卡EAD/AP批了
J,"PP, non CC",TSC,EB1A,4/6/2015,4/17/2015,No,"Durham, NC",5/21/2015,30,45,5/6/2015,5/6/2015,Blessing,,,,,255,,
jinqueshan,"PP, non CC",TSC,EB1A,4/6/2015,4/17/2015,No,,5/18/2015,30,,5/6/2015,5/6/2015,Blessing,,,,,255,,
theia,"PP, non CC",TSC,EB1A,4/6/2015,4/10/2015,No,RI,,24,,4/30/2015,4/30/2015,Blessing,,,,,255,,
"CKCK
","PP, non CC",TSC,EB1B,4/3/2015,4/12/2015,Yes,"Philadelphia, PA",5/11/2015,18,38,4/30/2015,4/21/2015,5/22/2015,,12,31,49,,17.30%,主副同时
ARM,"non PP, non CC",TSC,NIW,4/1/2015,4/10/2015,Yes,AZ,5/27/2015,19,56,4/30/2015,4/20/2015,Blessing,,,,,260,,副卡EAD先于05/22批的。
A0,"non PP, non CC",TSC,NIW,4/1/2015,4/10/2015,Yes,TX,5/14/2015,20,43,4/28/2015,4/21/2015,Blessing,,,,,260,,主副的EAD/AP 批了，485还没有
Xuloong,"PP, non CC", TSC,EB1A,4/1/2015,4/10/2015,No,"Boston, MA",5/13/2015,27,43,4/28/2015,4/28/2015,5/21/2015,,8,23,50,,18.30%,
Putao,"PP, non CC",TSC,EB1A,4/1/2015,4/10/2015,No,"Philadelphia, PA",5/13/2015,30,43,5/1/2015,5/1/2015,5/22/2015,,9,21,51,,20.00%,主副同时绿
yy,"PP, non CC",TSC,EB1A,3/30/2015,4/10/2015,No,,5/19/2015,31,50,4/30/2015,4/30/2015,5/29/2015,,10,31,59,,28.70%,副卡还没批
anonymous,"PP, non CC",TSC,EB1A,3/30/2015,,yes,Baltimore MD,5/15/2015,28,46,5/1/2015,4/27/2015,5/20/2015,,5,20,50,,18.30%,主485批了，主副的EAD/AP 批了
Olivian,"PP, non CC",TSC,EB1A,3/27/2015,3/31/2015,No,MA,5/7/2015,26,41,4/22/2015,4/22/2015,Blessing,fighting!,,,,265,,
Immunome,"PP, non CC",TSC,EB1B,3/26/2015,3/27/2015,No,,,18,,4/13/2015,4/13/2015,6/12/2015,,,60,78,,49.70%,
Q,"PP, non CC",TSC,EB1B,3/25/2015,4/3/2015,No,,5/11/2015,28,47,4/22/2015,4/22/2015,6/26/2015,,,65,93,,62.90%,
JH,Pp non cc,TSC,EB1A,3/25/2015,4/9/2015,NO,PA,5/6/2015,29,42,4/23/2015,4/23/2015,5/22/2015,,16,29,58,,27.10%,
AH,"PP, non CC",TSC,EB1A,3/25/2015,4/3/2015,no,TN,5/6/2015,26,42,4/20/2015,4/20/2015,5/9/2015,,3,19,45,,13.80%,副EAD/AP 5/13/2015批， 副485 5/20/2015批
JL,"PP, CC",TSC,EB1B,3/23/2015,3/27/2015,no,,5/7/2015,22,45,4/14/2015,4/14/2015,Blessing,,,,,269,,
Repus,"non PP, non CC",TSC,EB1A,3/20/2015,4/3/2015,no, TX,,24,,4/13/2015,4/13/2015,5/6/2015,,,23,47,,15.10%,485 批了 ，EAD/AP还没有
ss,"PP, non CC",TSC,EB1A,3/20/2015,4/2/2015,Yes,MD,,14,,4/17/2015,4/3/2015,5/8/2015,,,35,49,,17.30%,485 批了 ，EAD/AP还没有
YW,"PP, non CC",TSC,EB1A,3/19/2015,4/2/2015,No,,5/26/2015,28,68,4/16/2015,4/16/2015,Blessing,,,,,273,,
Alvin,"PP, non CC",TSC,EB1A,3/16/2015,4/3/2015,Yes,"Alexandria, VA",6/3/2015,22,79,4/15/2015,4/7/2015,Blessing,,,,,276,,
"caocaofanhua
","140 PP, no CC
","TSC
",EB1A,3/12/2015,3/20/2015,NO,"Jacksonville, FL",5/8/2015,25,57,4/6/2015,4/6/2015,Blessing,,,,,280,,EAD/AP 主卡批，副卡尚未
milahulu,"PP, CC",TSC,EB1A,3/12/2015,,YES,TX,5/11/2015,48,60,4/23/2015,4/29/2015,Blessing,,,,,280,,
Tim,"PP, non CC",TSC,EB1A,3/11/2015,,no,,5/7/2015,27,57,4/7/2015,4/7/2015,5/11/2015,,4,34,61,,30.60%,
green,"non PP, non CC",TSC,EB1B,3/9/2015,3/27/2015,no,,5/6/2015,35,58,4/13/2015,4/13/2015,Blessing,,,,,283,,
anoymous,"PP, non CC","TSC
",EB1B,3/9/2015,3/16/2015,No,MA,4/21/2015,37,43,4/15/2015,4/15/2015,5/15/2015,,24,30,67,,37.30%,
hehehehe,"PP, non CC",TSC,EB1A,3/9/2015,3/17/2015,no,,5/13/2015,36,65,4/14/2015,4/14/2015,Blessing,,,,,283,,
mariava,"PP, CC",TSC,EB1B,3/4/2015,3/6/2015,no,,5/5/2015,23,62,3/27/2015,3/27/2015,5/15/2015,,24,49,72,,43.00%,
owencarl,"PP, non CC",TSC,EB1A,3/4/2015,3/20/2015,no,VA,5/19/2015,37,76,4/10/2015,4/10/2015,Blessing,,,,,288,,
otterfree,"PP, non CC",TSC,EB1A,3/4/2015,,no,,5/5/2015,19,62,3/23/2015,3/23/2015,Blessing,,,,,288,,
anonymousKK,,TSC,EB2,3/3/2015,3/20/2015,No,MA,4/30/2015,38,58,4/10/2015,4/10/2015,5/9/2015,,9,29,67,,37.30%,
cymene,"PP, non CC",TSC,EB1A,3/3/2015,3/17/2015,no,NJ,4/26/2015,31,54,4/3/2015,4/3/2015,Blessing,,,,,289,,
anonymous,"PP, non CC",TSC,EB1A,3/3/2015,3/13/2015,no,CT,5/11/2015,27,69,3/30/2015,3/30/2015,8/10/2015,,,133,160,,86.80%,主副同时批
anonymous,"PP, non CC",TSC,EB1B,3/2/2015,3/27/2015,no,TX,4/22/2015,45,51,4/16/2015,4/16/2015,Blessing,,,,,290,,
foreverglory,"PP, non CC",TSC,EB1B,2/26/2015,3/13/2015,yes,"Wheaton, MD",,19,,3/27/2015,3/17/2015,5/9/2015,,N/A,53,72,,43.00%,Primary and secondary applicants greened concurrently
patricia,"PP, non CC",TSC,EB1A,2/26/2015,3/27/2015,yes,TX,4/27/2015,32,60,4/10/2015,3/30/2015,5/14/2015,,17,45,78,,49.70%,second card got RFE
SophiaTong,"PP, CC",TSC,EB1A,2/24/2015,,no,,,29,,3/25/2015,3/25/2015,Blessing,,,,,296,,
"jxmbb2010
","PP, non CC",TSC,EB1A,2/23/2015,3/2/2015,no,"Alexandria, VA",4/24/2015,28,60,3/13/2015,3/23/2015,4/22/2015,,-2,30,58,,27.10%,
anonymous,"PP, non CC",TSC,EB1A,2/20/2015,2/27/2015,no,MA,5/1/2015,26,69,3/18/2015,3/18/2015,5/1/2015,,0,44,69,,39.70%,combo在485之前大概2个小时批的
myshulei,"PP, non CC",TSC,EB1A,2/17/2015,3/9/2015,no,"Austin, TX",5/6/2015,27,78,3/16/2015,3/16/2015,11/10/2015,,,,,303,,
lokobeve,"PP, non CC",TSC,EB1A,2/11/2015,3/5/2015,NO,CT,4/24/2015,35,72,3/18/2015,3/18/2015,blessing,,,,,309,,
miantiao,"PP, non CC",TSC,EB1A,2/11/2015,,yes,,,26,,,3/9/2015,blessing,,,,,309,,
Delfield,"non-PP,non CC
",TSC,EB1B,2/10/2015,2/21/2015,no,"Baltimore,MD",4/29/2015,36,78,3/18/2015,3/18/2015,5/13/2015,,14,56,92,,60.90%,主绿5/13；副RFE; 6/12绿 
Amyxue,"PP, non CC",TSC,EB1B,2/10/2015,2/20/2015,no,"Elizabeth, NJ",4/20/2015,38,69,3/20/2015,3/20/2015,6/12/2015,,53,84,122,,76.20%,
hewletth,"PP, non CC",TSC,EB1A,2/9/2015,2/28/2015,no,"Baltimore, MD",4/11/2015,31,61,3/12/2015,3/12/2015,4/17/2015,,6,36,67,,37.30%,
xyxyxy,"PP, non CC",TSC,EB1A,2/9/2015,2/27/2015,no,"Houston, TX",4/9/2015,29,59,3/10/2015,3/10/2015,Blessing,,,,,311,,
newgoal,"PP,non CC",TSC,EB1A,2/9/2015,,NO,,4/11/2015,30,61,3/11/2015,3/11/2015,Blessing,,,,,311,,
gbz,"PP, non CC",TSC,EB1A,2/9/2015,,no,"Houston, TX",4/16/2015,29,66,3/10/2015,3/10/2015,4/16/2015,,0,37,66,,36.00%,
saintlim,"non PP, CC",TSC,EB1B,2/6/2015,2/13/2015,No,"Albany, NY",,35,,3/13/2015,3/13/2015,Blessing,,,,,314,,
SubaruMD,"non-PP, CC
",TSC,EB1B,2/2/2015,2/26/2015,no,"Baltimore, MD",4/16/2015,37,73,3/11/2015,3/11/2015,10/9/2015,,,,,,,
Lucy,,TSC,EB1A,2/2/2015,2/15/2015,no,"Boston, MA",4/3/2015,23,60,2/25/2015,2/25/2015,4/20/2015,,17,54,77,,48.30%,
boster,"PP, non CC",TSC,EB1A,2/2/2015,2/12/2015,no,"Elizabeth, NJ",4/27/2015,25,84,2/27/2015,2/27/2015,Blessing,,,,,318,,
XIXIHAHAGG,"PP,non CC",TSC,EB1A,2/2/2015,,,,4/2/2015,25,59,2/27/2015,2/27/2015,Blessing,,,,,318,,
Sunny ,"PP, non CC",TSC,EB1B,1/30/2015,,No,,4/2/2015,26,62,2/25/2015,2/25/2015,Blessing,,,,,321,,
anonymous,"non PP, non CC",TSC,EB1A,1/27/2015,2/6/2015,no,no walk-in,4/3/2015,31,66,2/27/2015,2/27/2015,4/12/2015,,9,44,75,,46.40%,recieved green cards on 4/15/2015
Anonymous,"PP, non CC",TSC,EB1A,1/26/2015,2/12/2015,no,,3/24/2015,29,57,2/24/2015,2/24/2015,4/10/2015,,17,45,74,,44.80%,主副全程同步
bbmouse,"PP, non CC",TSC,EB1A,1/23/2015,1/23/2015,no,"Alexandria, VA",3/24/2015,26,60,2/18/2015,2/18/2015,12/2/2015,,,,,328,,
forgrace123,"PP, CC",TSC,EB1A,1/23/2015,,,,,25,,,2/17/2015,3/20/2015,,,31,56,,26.10%,http://www.mitbbs.com/article_t/Immigration/33447663.html
annekevin,"PP, non CC",TSC,EB1A,1/20/2015,,no,FL,3/19/2015,28,58,2/17/2015,2/17/2015,7/8/2015,,111,141,169,,89.60%,副卡还在pending
gagazhang,"PP, non CC",TSC,EB1A,1/14/2015,1/30/2015,no,"Dallas, TX",4/16/2015,26,92,2/9/2015,2/9/2015,Blessing,,,,,337,,
Sulaaf,"PP, non CC",TSC,EB1A,1/12/2015,,no,"New York, NY",3/19/2015,21,66,2/2/2015,2/2/2015,5/19/2015,,61,106,127,,78.20%,副卡AP/EAD 3/26/15批准
GreenSoon,"non-PP, CC",TSC,EB1B,1/9/2015,1/16/2015,no,"Dallas, TX",3/27/2015,28,77,2/6/2015,2/6/2015,6/11/2015,,76,125,153,,85.30%,"副卡AP/EAD 4/20/15批准, 主副同绿"
afnyc,non-PP,TSC,EB1B,1/8/2015,1/17/2015,no,"New York, NY",3/31/2015,18,82,1/26/2015,1/26/2015,Blessing,,,,,343,,
fly,"non-PP,non-CC",TSC,EB1A,1/8/2015,1/18/2015,no,"Philadelphia,PA",3/27/2015,19,78,1/27/2015,1/27/2015,6/3/2015,,68,127,146,,82.70%,副卡还没批
caoer,"PP, non-CC",TSC,EB1A,1/8/2015,1/9/2015,no,FL,3/17/2015,19,68,1/27/2015,1/27/2015,Blessing,,,,,343,,
wangyujie,non-CC,TSC,EB1A,1/8/2015,,no,"New Olreans, LA",3/23/2015,22,74,1/30/2015,1/30/2015,7/24/2015,,123,175,197,,94.10%,副AP/EAD3/23，主AP/EAD3/25，绿卡主副同时
yellowfish21,"PP, nonCC",TSC,EB1A,1/2/2015,1/9/2015,Yes,"Boston, MA",3/26/2015,24,83,1/27/2015,1/26/2015,6/23/2015,,89,148,172,,90.20%,"副卡EAD 3/26, green card还没批"
feiding,"PP, nonCC",TSC,EB1B,12/30/2014,1/14/2015,No,"Boston, MA",3/26/2015,26,90,1/26/2015,1/26/2015,,,,,,,,
dylan,"PP, non CC",TSC,EB1B,12/29/2014,1/6/2015,Yes,Buffalo,3/20/2015,18,80,1/26/2015,1/16/2015,Blessing,,,,,353,,
wildcat535,"PP, non CC",TSC,EB1B,12/24/2014,1/9/2015,Yes,"Albany, NY",3/9/2015,22,75,1/28/2015,1/15/2015,5/7/2015,5/16/2015,59,112,134,,79.80%,副AP/EAD 3/24批准， 主副485同时approve
zzzaq,"PP, CC",TSC,EB1B,12/24/2014,1/7/2015,no,,3/3/2015,28,69,1/21/2015,1/21/2015,4/28/2015,,56,97,125,,77.00%,
godltime,"PP, non CC",TSC,EB1A,12/24/2014,1/9/2015,Yse,IN,3/23/2015,39,89,1/28/2015,2/1/2015,Blessing,,,,,358,,
yt,"PP, non CC",TSC,EB1A,12/23/2014,1/2/2015,No,NY,2/27/2015,28,66,1/20/2015,1/20/2015,Blessing,,,,,359,,
k,"PP, non CC",TSC,EB1A,12/23/2014,,No,,3/6/2015,28,73,1/20/2015,1/20/2015,6/9/2015,,95,140,168,,89.40%,
Meg,"non-PP, CC",TSC,NIW,12/22/2014,1/7/2015,No,NYC,3/5/2015,39,73,1/30/2015,1/30/2015,Blessing,,,,,360,,
hupking,"PP, non CC",TSC,EB1A,12/17/2014,"
",No,FL,2/19/2012,28,64,1/14/2015,1/14/2015,Blessing,,,,,365,,副卡EAD/AP3月13号批准
simbaily,"PP, non CC",TSC,EB1A,12/17/2014,,No,Boston,4/8/2015,22,112,1/8/2015,1/8/2015,8/7/2015,,121,211,233,,97.40%,
"anonymous
","PP, CC",TSC,EB1A,12/15/2014,,,NC,2/25/2015,,72,,,5/27/2015,,91,,163,,88.20%,
Anonymous ,"no pp,no cc",TSC,EB1C,12/11/2014,1/2/2015,no,New York,3/12/2015,42,,1/22/2015,1/22/2015,Blessing,,,,,371,,
DD,non PP,TSC,EB1A,12/11/2014,12/26/2014,no,Boston,3/4/2015,43,83,1/23/2015,1/23/2015,Blessing,,,,,371,,
phenline,"pp,non CC",TSC,EB1A,12/8/2014,12/23/2014,no,"Cranston, RI",2/13/2015,28,65,1/5/2015,1/5/2015,6/29/2015,,,,203,,94.90%,
Monsterj,"PP, non CC",TSC,EB1A,12/8/2014,12/15/2014,no,Boston,2/6/2015,22,60,12/30/2014,12/30/2014,5/4/2015,,87,125,147,,83.70%,主副同时绿
wf,non-PP,TSC,EB1A,12/8/2014,12/12/2014,No,"Baltimore, MD",2/17/2015,22,71,12/30/1214,12/30/2014,6/3/2015,,106,155,177,,90.80%,主副同时绿
anonymous,"PP, non CC",TSC,EB1A,12/4/2014,12/20/2014,No,"Baltimore, MD",2/19/2015,33,77,1/6/2015,1/6/2015,6/11/2015,,112,156,189,,93.30%,主副同时绿
ZZZaq,"pp,no CC","TSC
",EB1A,12/4/2014,12/9/2014,no,KY,2/17/2015,,75,12/27/2014,,6/3/2015,,106,,181,,92.30%,
HLJ,"N PP, N cc",TSC,EB1A,12/2/2014,12/12/2014,Yes,"Atlanta, GA",3/2/2015,20,90,12/30/2014,12/22/2014,5/8/2015,,67,137,157,,86.10%,主副同时绿
BC,Non PP,TSC,EB1A,12/2/2014,12/12/2014,Yes,FL,2/12/2015,20,98,12/29/2014,12/22/2014,5/15/2015,,92,144,164,,88.60%,主副同时绿
wendy,"PP, non CC",TSC,EB1B,11/26/2014,12/12/2014,Yes,San Francisco,3/4/2015,26,98,12/31/2014,12/22/2014,Blessing,,,,,386,,
anonymous,"PP, CC",TSC,EB1B,11/25/2014,12/5/2014,No,PA,2/3/2015,-303,70,12/23/2014,1/26/2014,Blessing,,,,,387,,
nine,PP CC,TSC,EB1B,11/25/2014,12/5/2014,NO,NJ,2/18/2015,27,85,12/22/2014,12/22/2014,3/23/2015,,33,91,118,,73.70%,主卡副卡同时绿
xiaodd,"pp,non CC",TSC,EB1A,11/25/2014,11/26/2014,No,TX,2/13/2015,45,80,1/9/2015,1/9/2015,4/8/2015,,54,89,134,,79.80%,
zhuwjth,"PP, non CC",TSC,EB1A,11/24/2014,12/4/2014,Yes,"Wheaton, MD",3/9/2015,24,105,12/22/2014,12/18/2014,Blessing,,,,,388,,
xxk,"PP, non CC",TSC,EB1A,11/24/2014,12/4/2014,No,CT,1/23/2015,28,60,12/22/2014,12/22/2014,7/1/2015,,159,191,219,,96.30%,Dependent approved same day
tzglife,"non PP, non CC",TSC,EB1A,11/24/2014,12/2/2014,NO,TX,1/31/2015,28,68,12/22/2014,12/22/2014,6/16/2015,,136,176,204,,95.30%,
Jzz,"PP, non CC",TSC,EB1A,11/20/2014,11/28/2014,No,NY,2/5/2015,32,77,12/22/2014,12/22/2014,7/1/2015,,,,223,,96.70%,
gcsy,non-pp,TSC,EB1B,11/19/2014,12/3/2014,no,CT,1/27/2015,29,69,12/18/2014,12/18/2014,4/15/2015,,78,118,147,,83.70%,主副同时批
greencm,"PP, non CC",TSC,EB1A,11/18/2014,,Yes,TX,1/23/2015,22,66,12/20/2014,12/10/2014,5/2/2015,,99,143,165,,88.80%,Dependent approved 16 days later
anonymous,"PP, CC",TSC,EB1B,11/17/2014,n/a,No,"Boston, MA",2/1/2015,22,76,12/9/2014,12/9/2014,5/5/2015,,93,147,169,,89.60%,
cold001,"N PP, N cc",TSC,EB1A,11/17/2014,,NO,"Boston, MA",,25,,12/12/2014,12/12/2014,2/9/2015,2/17/2015,,59,84,,54.80%,
Green,PP,TSC,EB1A,11/14/2014,11/30/2014,NO,Norfolk VA,1/20/2015,26,67,12/10/2014,12/10/2014,5/22/2015,,122,163,189,,93.30%,
hs,"pp, non CC",TSC,EB1B,11/12/2014,,No,NY,2/16/2015,27,96,12/9/2014,12/9/2014,8/6/2015,,,,267,,98.00%,主副同时批
aladin,"non PP, non CC",TSC,EB1A,11/12/2014,,yes,"
",1/21/2015,8,70,,11/20/2014,4/13/2015,,82,144,152,,84.50%,
tinydoubao,"pp,non-CC",TSC,EB1A,11/12/2014,,no,PA,1/23/2015,28,72,12/10/2014,12/10/2014,5/15/2015,,112,156,184,,92.50%,
piggyj,PP,TSC,EB1A,11/5/2014,,NO,PA,1/14/2015,29,70,12/4/2014,12/4/2014,1/28/2015,,14,55,84,,54.80%,"
"
Piwow,"PP, N CC",TSC,EB1A,11/4/2014,11/28/2014,NO,"NewOrleans,LA",1/29/2015,38,86,12/12/2014,12/12/2014,5/22/2015,,113,161,199,,94.30%,
crisp,"PP, N CC",TSC,EB1A,11/3/2014,11/17/2014,NO,"Charleston, WV",2/20/2015,30,109,12/3/2014,12/3/2014,8/4/2015,,,,274,,98.80%,
cooks,"PP, non CC",TSC,EB1A,11/3/2014,11/12/2014,w,NY,1/8/2015,10,66,11/24/2014,11/13/2014,2/11/2015,2/21/2015,34,90,100,,66.20%,
ZYY,"PP, non CC",TSC,EB1A,10/27/2014,11/1/2014,no,,1/15/2015,25,80,11/21/2014,11/21/2014,6/12/2015,,148,203,228,,97.10%,
Sassy,"PP,CC",TSC,EB1A,10/22/2014,10/25/2014,W,"FortWorth,TX",1/26/2015,14,94,11/10/2014,11/5/2014,Blessing,,,,,421,,
xyz,"PP, non CC",TSC,EB1A,10/20/2014,10/25/2014,W,NC,1/9/2015,11,81,11/13/2014,10/31/2014,Blessing,,,,,423,,
vampireX,"PP, non CC",TSC,EB1A,10/16/2014,10/22/2014,yes,GA,1/10/2015,35,80,11/22/2014,11/20/2014,1/27/2015,,17,68,103,,68.00%,Dependent approved on the same day. 
anonymous,"PP, non CC",TSC,EB1A,10/16/2014,10/18/2014,W,"Charleston, SC",11/8/2014,4,23,10/30/2014,10/20/2014,1/20/2015,1/28/2015,73,92,96,,64.00%,Dependent approved on the same day. 
geosky,"PP, non CC",TSC,EB1A,10/8/2014,10/15/2014,no,FL,12/23/2014,23,76,10/31/2014,10/31/2014,2/11/2015,,50,103,126,,77.40%,
eyeye,"PP, non CC",TSC,EB1B,10/2/2014,10/8/2014,W,"Dallas, TX",12/29/2014,25,88,10/31/2014,10/27/2014,Blessing,,,,,441,,
anonymous,"PP, CC",TSC,EB1B,10/2/2014,10/8/2014,no,"Baltimore, MD",12/29/2014,22,88,10/24/2014,10/24/2014,3/18/2015,3/26/2015,79,145,167,,89.00%,Dependent approved 2 days later.  485 approved 1 week after congressman office's inquiry.
lostson,"PP, CC",TSC,EB1A,9/30/2014,10/4/2014,no,"Boston, MA",12/6/2014,,67,10/21/2014,,Blessing,,,,,443,,
leafish,"PP, non CC",TSC,EB1B,9/23/2014,,W,MA,12/12/2014,22,80,10/20/2014,10/15/2014,4/20/2015,4/28/2015,129,187,209,,95.70%,Dependent approved on the same day.
prayerxu,"PP, non CC",TSC,EB1A,9/19/2014,10/2/2014,No,TX,11/29/2014,26,71,10/15/2014,10/15/2014,1/23/2015,1/30/2015,55,100,126,,77.40%,Dependent approved on the same day. 
nyxiaobao,"PP, non CC",TSC,EB1B,9/16/2014,10/2/2014,no,NJ,12/1/2014,29,76,10/15/2014,10/15/2014,7/29/2015,,240,287,316,,99.60%,Dependent approved on the same day. 
andone,"PP, non CC",TSC,EB1A,9/15/2014,9/29/2014,no,TN,,31,,10/16/2014,10/16/2014,Blessing,,,,,458,,
jade,"PP, non CC",TSC,EB1A,9/15/2014,9/22/2014,W,TX,11/23/2014,28,69,10/13/2014,10/13/2014,Blessing,,,,,458,,
BJUSA,"PP, non CC",TSC,EB1A,9/13/2014,9/25/2014,"Walk
",TX,11/23/2014,13,71,10/6/2014,9/26/2014,1/20/2015,1/28/2015,58,116,129,,78.80%,"RFE received on Dec. 31, 2014. Response received by USCIS on Jan. 5th, 2015. One of dependents received decision on the same day, but another received two days later."
DBDGY,"PP, non CC",TSC,EB1A,9/10/2014,,no,,11/29/2014,23,80,10/3/2014,10/3/2014,Blessing,,,,,463,,
wes,"pp, non CC",TSC,EB1A,9/9/2014,9/18/2014,no,"San Antonio, TX",Blessing,29,,10/8/2014,10/8/2014,Blessing,,,,,464,,
huzi,"pp, non CC",TSC,EB1B,9/5/2014,9/20/2014,no,NY,12/5/2014,34,91,10/9/2014,10/9/2014,2/25/2015,3/4/2015,82,139,173,,90.40%,副卡还没批
statfish,"PP, CC",TSC,EB1B,8/29/2014,9/12/2014,no,"NJ, Elizabeth",,24,,9/22/2014,9/22/2014,10/3/2014,10/11/2014,,11,35,,3.90%,Dependent approved on the same day. 
reborn,,TSC,NIW,8/25/2014,,no,,11/15/2014,30,81,9/24/2014,9/24/2014,Blessing,,,,,479,,
anonymous57,"pp,non cc",TSC,EB1B,8/18/2014,9/2/2014,no,"Boston,MA",11/15/2014,30,88,9/17/2014,9/17/2014,1/20/2015,12/10/2014,66,125,114,,72.30%,"副卡先批，主卡还未批,主卡1月20号批准"
Loveob,"pp,non cc",TSC,EB1B,8/11/2014,,NO,NY,10/22/2014,25,71,9/5/2014,9/5/2014,5/11/2015,,201,248,273,,98.60%,
(anonymous),"PP, CC",TSC,EB1B,7/31/2014,8/29/2014,no,,,18,,8/18/2014,8/18/2014,9/8/2014,9/15/2014,,21,39,,8.10%,
af2012,"PP, N CC",TSC,EB1A,7/24/2014,8/2/2014,W,VA,,19,,8/20/2014,8/12/2014,8/30/2014,9/10/2014,,18,37,,5.50%,
poguy,"PP, non CC",TSC,EB1A,7/22/2014,7/25/2014,no,RI,10/18/2014,29,88,8/20/2014,8/20/2014,Blessing,,,,,513,,
soyi2016,"PP, non CC",TSC,EB1A,7/21/2014,?,W,Philly,10/10/2014,53,81,8/15/2014,9/12/2014,10/23/2014,10/30/2014,13,41,92,,60.90%,Dependent approved the same day
welikeliang,"pp,non cc",TSC,EB1A,7/17/2014,7/28/2014,W,NY,10/6/2014,14,81,8/8/2014,7/31/2014,12/2/2014,,57,124,139,,80.60%,"RFE Sep/16 ， RFE responsed Sep/30, RFE recieved by USCIS on Oct/1. 485 SR on Dec1, 485 AD on 12/2. Dependent approved the same day"
cabob,pp,TSC,EB1A,7/17/2014,7/26/2014,no,FL,10/17/2014,27,92,8/13/2014,8/13/2014,1/23/2015,,98,163,186,,92.70%,Dependent is still waiting
roger8144,"no PP, CC",TSC,EB1A,7/15/2014,8/4/2014,W,"Boston, MA",10/17/2014,35,94,8/19/2014,8/19/2014,11/22/2014,12/9/2014,36,64,130,,79.00%,"Dependent 485 RFE 11/24/2014, RFE response received by USCIS 12/8/14, Dependent 485 AD on 12/11/14"
xiaoyao,"pp, non cc",TSC,EB1A,7/15/2014,7/25/2014,no,,,17,,8/1/2014,8/1/2014,11/14/2014,,,105,122,,76.20%,
Doubanjiang,non pp,TSC,EB1A,7/2/2014,7/9/2014,W,"Buffalo, NY",9/22/2014,15,,7/30/2014,7/17/2014,2/25/2015,,,223,238,,97.60%,Dependent approved on the same day. 
xiaoxiaoxiao,"pp, non cc",TSC,EB1A,6/30/2014,7/20/2014,NO,Atlanta,10/1/2014,45,90,8/14/2014,8/14/2014,1/6/2015,1/12/2015,,110,180,,92.10%,depedent approved the same day
sunrising,"PP, non CC",TSC,EB1A,6/25/2014,,W,MD,N/A,15,,7/18/2014,7/10/2014,9/5/2014,9/12/2014,,57,72,,43.00%,
fengyuzhi,"pp, non cc",TSC,EB1A,6/23/2014,7/4/2014,W,NY,,14,,7/18/2014,7/7/2014,8/14/2014,,,27,52,,21.20%,
rurulin,"non-PP, non-CC",TSC,EB1B,6/16/2014,,no,NC,,33,,7/19/2014,7/19/2014,9/4/2014,,,47,80,,51.30%,
happyday365,"n PP, n CC",TSC,EB1A,6/12/2014,7/1/2014,W,NY,9/5/2014,26,86,7/21/2014,7/8/2014,1/23/2015,,,186,225,,96.90%,
seraph,"pp, N Cc",TSC,EB1B,6/9/2014,6/15/2014,no,NJ,,30,,7/9/2014,7/9/2014,1/7/2015,,,182,212,,95.90%,dependent approved 5 days later
(anonymous),"pp, cc",TSC,EB1B,5/30/2014,6/9/2014,no,NC,,28,,6/27/2014,6/27/2014,7/12/2014,,,15,43,,11.60%,Dependent approved the same day
Lucylulu888,"non pp, CC",TSC,EB1B,5/22/2014,5/30/2014,W,NY,8/9/2014,21,77,6/20/2014,6/12/2014,3/11/2015,3/20/2015,214,268,288,,99.00%,Dependent approved the same day
eskina,"pp, non CC",TSC,EB1A,5/22/2014,6/4/2014,no,Houston,8/9/2014,34,79,6/25/2014,6/25/2014,8/22/2014,9/3/2014,,58,92,,60.90%,Dependent approved the same day
sonya,"non pp, non CC",TSC,EB1A,5/20/2014,6/2/2014,no,FL,8/14/2014,28,86,6/17/2014,6/17/2014,8/19/2014,8/23/2014,,63,91,,60.30%,Dependent approved the same day
kathy,"pp, non CC",TSC,EB1A,5/16/2014,5/28/2014,no,,8/31/2014,33,,6/18/2014,6/18/2014,2/12/2015,2/25/2015,,239,272,,98.20%,Dependent approved the same day
miaomkk,"pp, non cc",TSC,EB1A,5/14/2014,5/28/2014,W,NY,8/22/2014,16,100,6/11/2014,5/30/2014,2/10/2015,2/21/2015,,244,272,,98.20%,Dependent approved the same day
Grace2012,PP,TSC,EB1A,5/12/2014,5/29/2014,W,,8/2/2014,30,82,6/23/2014,6/11/2014,Blessing,,,,,584,,
shibiao,"pp, non CC",TSC,EB1A,5/12/2014,5/27/2014,W,NY,7/23/2014,18,72,6/16/2014,5/30/2014,5/7/2015,5/7/2015,,342,360,,99.80%,Dependent approved the same day
skysmile,"pp, non CC",TSC,EB1B,5/5/2014,5/19/2014,no,MA,8/1/2014,30,88,6/4/2014,6/4/2014,8/21/2014,,20,78,108,,70.50%,
XM-anonymous,"non-PP, non-CC",TSC,EB1B,4/18/2014,4/29/2014,no,"Boston, MA",5/28/2014,39,40,5/27/2014,5/27/2014,6/26/2014,,29,30,69,,39.70%,Dependent approved the same day
wchzhou,"pp, non cc",TSC,EB1B,4/18/2014,4/28/2014,no,NY,7/7/2014,35,80,5/23/2014,5/23/2014,11/24/2014,,140,185,220,,96.50%,
GreenD,non PP,TSC,EB1B,4/15/2014,4/23/2014,w,MA,5/14/2014,31,29,5/16/2014,5/16/2014,Blessing,,,,,602,,
Annoymous,PP and CC,TSC,EB1B,4/8/2014,4/15/2014,,PHL,,,,5/1/2014,,Blessing,,,,,609,,
uwxyz,pp,TSC,EB1B,4/8/2014,4/14/2014,no,nj,,37,,5/15/2014,5/15/2014,6/18/2014,6/21/2014,,34,70,,41.10%,
XBG,PP non CC,TSC,EB1B,4/7/2014,,W,"cincinnati, OH",,16,,5/5/2014,4/23/2014,Blessing,,,,,610,,
KY anonymous,PP and CC,TSC,EB1A,4/7/2014,,W,"cincinnati, OH",,14,,5/6/2014,4/21/2014,Blessing,,,,,610,,
XM_Aa,"PP, non CC",TSC,EB1A,4/2/2014,4/10/2014,w,VA,,13,,5/8/2014,4/15/2014,5/31/2014,6/7/2014,,23,59,,28.70%,Dependent approved the same day
CJX,"PP, non CC",TSC,EB1A,3/31/2014,4/8/2014,W,NYC,,17,,4/28/2014,4/17/2014,5/30/2014,6/6/2014,,32,60,,29.90%,Dependent approved the same day
xiaofaqie,"PP, non CC",TSC,EB1B,3/26/2014,4/6/2014,NO,,6/29/2014,27,,4/22/2014,4/22/2014,Blessing,,,,,631,,
GreenGreen,"PP, non CC",TSC,EB1B,3/25/2014,4/14/2014,no,,6/18/2014,41,83,5/5/2014,5/5/2014,9/8/2014,,82,126,163,,88.20%,
cicici,"pp, non CC",TSC,EB1B,3/25/2014,4/1/2014,,MD,6/20/2014,21,85,4/29/2014,4/15/2014,8/25/2014,9/3/2014,66,118,150,,84.30%,
HAPPYDAY,"pp,non cc",TSC,EB1A,3/25/2014,4/7/2014,no,RI,,34,,4/28/2014,4/28/2014,5/16/2014,5/25/2014,,24,51,,20.00%,"主卡批复卡没有,复卡RFE，6/14 approvee,6/21 Received"
crystal12,"PP, CC",TSC,EB2->3,3/24/2014,,,,,,,,,,,,,,623,,
frankcs,"PP, non CC",TSC,EB1A,3/19/2014,3/25/2014,no,"Pittsburgh, PA",,29,,4/17/2014,4/17/2014,5/13/2014,5/21/2014,,26,54,,24.20%,dependent approved the same day
michaelxiaga,"pp, non CC",TSC,EB1A,3/18/2014,5/19/2014,W,"Birmingham, AL",6/17/2014,63,89,6/2/2014,5/20/2014,Blessing,,,,,629,,
NSk,"pp,non CC",TSC,EB1A,3/12/2014,3/20/2014,W,TX,4/8/2014,13,26,4/10/2014,3/25/2014,Blessing,,,,,635,,Expedite
YGS,"pp,non CC",TSC,EB1A,3/12/2014,3/20/2014,,"Dallas,TX",,16,,4/10/2014,3/28/2014,Blessing,,,,,635,,
Chris2012,"pp, non CC",TSC,EB1A,3/7/2014,3/13/2014,No,"dallas, TX",,27,,4/3/2014,4/3/2014,4/28/2014,5/5/2014,,25,51,,20.00%,
GreenZ,"PP, non CC",TSC,EB1A,3/6/2014,3/17/2014,W,GA,,12,,4/7/2014,3/18/2014,6/14/2014,6/20/2014,,86,98,,65.20%,有个简单的RFE，自己耽搁一个月才回复。
NY_annoymous,no PP non CC,TSC,EB1B,3/5/2014,3/12/2014,No,,5/13/2014,29,68,4/3/2014,4/3/2014,Blessing,,,,,642,,Expedite
cicici,"non pp, non CC",TSC,EB1A,2/25/2014,2/27/2014,W,"Houston, TX",4/16/2014,7,51,3/18/2014,3/4/2014,4/18/2014,,2,44,53,,22.40%,
askmewhy,"PP, non CC",TSC,EB1A,2/25/2014,2/27/2014,No,"Philadelphia, PA",4/24/2014,29,58,3/26/2014,3/26/2014,4/30/2014,,6,,65,,34.40%,
omicron,"pp, non CC",TSC,EB1A,2/21/2014,2/28/2014,No,New Orleans,5/7/2014,34,76,3/27/2014,3/27/2014,7/8/2014,,62,101,137,,80.40%,Dependent walk-in in houston on 03/14; Dependent EAD/AP approved on 04/25; 485 dependent approved the same day
ggcat,"non pp, cc",TSC,EB1A,2/20/2014,2/28/2014,W,TN,4/28/2014,19,62,3/27/2014,3/11/2014,9/11/2014,,136,180,201,,94.50%,
yolandas86,"pp, non CC",TSC,EB1B,2/14/2014,2/24/2014,W,"Birmingham, AL",4/9/2014,20,55,3/18/2014,3/6/2014,4/18/2014,,9,42,64,,33.00%,
wang229,"pp,non CC",TSC,EB1A,2/12/2014,2/27/2014,W,"charlston, SC ",4/3/2014,19,51,3/14/2014,3/3/2014,Blessing,,,,,665,,
ljc,"non PP, non CC",TSC,EB1A,2/11/2014,2/20/2014,W,MD,3/7/2014,14,26,3/18/2014,2/25/2014,3/31/2014,4/5/2014,,36,50,,18.30%,
louisali,"PP, non CC",TSC,EB1B,2/10/2014,2/25/2014,No,"Elizabeth, NJ",4/7/2014,31,58,3/13/2014,3/13/2014,4/14/2014,,7,31,64,,33.00%,
lh,non CC,TSC,EB1A,2/10/2014,2/15/2014,W,NY,3/7/2014,15,27,3/11/2014,2/25/2014,4/28/2014,,,63,78,,49.70%,
Min,"PP, CC",TSC,EB2->3,2/6/2014,2/10/2014,No,GA,4/8/2014,25,62,3/3/2014,3/3/2014,4/29/2014,,21,56,83,,53.60%,dependent approved the same day
Thundstriker,"PP, non CC",TSC,EB1A,2/3/2014,2/7/2014,W,"Boston, MA",,21,,2/28/2014,2/24/2014,3/31/2014,,,37,58,,27.10%,dependent approved the same day
lajiao83,"non PP, non CC",TSC,EB1A,1/31/2014,2/4/2014,No,NYC,,25,,2/25/2014,2/25/2014,6/4/2014,,,99,124,,76.80%,RFE 3/28
sheng2014,"PP, non CC",TSC,EB1A,1/27/2014,1/31/2014,No,"Dallas, TX",3/14/2014,25,46,2/21/2014,2/21/2014,4/18/2014,,,57,81,,52.50%,dependent approved the same day
lwgzfz,"non PP, non CC",TSC,EB1A,1/8/2014,1/8/2014,No,,2/14/2014,26,36,2/3/2014,2/3/2014,3/24/2014,3/31/2014,,51,76,,47.50%,
jc,"PP, non CC",TSC,EB1A,1/7/2014,,No,"York, PA",2/4/2014,21,27,1/28/2014,1/28/2014,3/31/2014,3/14/2014,,63,84,,54.80%,
hdchy,"PP, non CC",TSC,EB1A,1/2/2014,1/7/2014,No,"Lawrence, MA",2/10/2014,25,38,1/27/2014,1/27/2014,3/10/2014,3/15/2014,,43,68,,38.70%,dependent approved the same day
bluebubble,"non PP, non CC",TSC,EB1B,12/31/2013,1/9/2014,No,,2/25/2014,,55,1/27/2014,,4/15/2014,4/23/2014,49,78,105,,69.00%,dependent approved the same day
someone,PP,TSC,EB1A,12/30/2013,1/6/2014,No,"Durham, NC",,31,,1/30/2014,1/30/2014,3/6/2014,,,36,66,,36.00%,
nacor,non-PP,TSC,EB1A,12/17/2013,12/23/2014,No,NY,1/17/2014,23,30,1/9/2014,1/9/2014,3/18/2014,,,69,91,,60.30%,dependent approved the same day
exu,"PP, non CC",TSC,EB1A,12/17/2013,12/23/2013,W,"Charleston, WV",,14,,1/10/2014,12/31/2013,3/7/2014,3/12/2014,,67,80,,51.30%,dependent approved the same day
yuhuashi11,"pp, ",TSC,EB1B,12/10/2013,12/21/2013,,"York, PA",1/25/2014,48,45,1/10/2014,1/27/2014,Blessing,,,,,727,,
HappySF,"pp, non CC",TSC,EB1A,12/5/2013,12/23/2014,W,,1/23/2014,25,48,12/31/2013,12/30/2013,5/16/2014,,,136,161,,87.00%,dependent is still waiting
nnnnnnn,"PP, non CC",TSC,EB1A,11/27/2013,12/12/2013,W,"Boston, MA",1/10/2014,16,43,12/27/2013,12/13/2013,Blessing,,,,,740,,
leon,"PP, non CC",TSC,EB1A,11/27/2013,12/5/2013,No,"Jacksonville, FL",,33,,12/30/2013,12/30/2013,3/20/2014,,,80,113,,71.70%,dependent approved the same day
Hawkping,"PP, RFE PP, non CC",TSC,EB1A,11/26/2013,12/9/2013,W,,1/9/2014,14,43,12/31/2013,12/10/2013,       Blessing,,,,,741,,
happylibra,"PP, non CC",TSC,EB1B,11/25/2013,12/10/2013,No,"Durham, NC",1/4/2014,32,39,12/27/2013,12/27/2013,2/27/2014,,54,60,92,,60.90%,dependent approved the same day
Dacong,"PP,non CC",TSC,EB1A,11/21/2013,12/8/2013,W,MD,1/18/2014,21,57,12/18/2013,12/12/2013,2/27/2014,,,75,96,,64.00%,dependent is still in Acceptance status
dreamingpt,"PP, non CC",TSC,EB1B,11/20/2013,11/26/2013,No,,1/6/2014,27,46,12/17/2013,12/17/2013,2/26/2014,,51,69,96,,64.00%,dependent approved after RFE
Asbury,"PP, non CC",TSC,EB1B,11/15/2013,12/7/2013,No,,1/3/2014,28,46,12/13/2013,12/13/2013,3/21/2014,,77,98,126,,77.40%,dependent approved the same day
slimdisk,"PP,non CC",TSC,EB1B,11/14/2013,11/18/2013,W,FL,12/23/2013,12,48,12/13/2013,11/26/2013,       Blessing,,,,,753,,
wty123,"PP, non CC",TSC,EB1B,11/12/2013,11/20/2013,W,NYC,1/23/2014,15,71,12/17/2013,11/27/2013,8/30/2014,,219,18,288,,99.00%,
baominipad,"non PP, non CC",TSC,EB1A,11/8/2013,11/18/2013,W,"New York,NY",12/17/2013,19,39,12/12/2013,11/27/2013,2/27/2014,,,90,109,,70.90%,
verdure,"PP, CC",TSC,EB1B,11/7/2013,11/13/2013,No,,12/23/2013,35,46,12/12/2013,12/12/2013,3/7/2014,,74,85,120,,75.20%,
Lawrence444,PP,TSC,EB1B,11/6/2013,11/18/2013,W,"Atlanta, GA",12/23/2013,19,47,12/13/2013,11/25/2013,3/4/2014,,71,99,118,,73.70%,
StpGA,"non pp, non cc",TSC,EB1A,11/5/2013,11/17/2013,W,"Atlanta, GA",12/22/2013,19,47,12/12/2013,11/24/2013,3/3/2014,,,99,118,,73.70%,
Lexwindow,"non pp, cc",TSC,NIW,10/28/2013,11/1/2013,no,"Cincinnati, OH",12/2/2013,25,34,11/22/2013,11/22/2013,Blessing,,,,,769,,
margaret,"PP, non CC",TSC,EB1A,10/28/2013,11/6/2013,W,,1/9/2014,21,71,11/29/2013,11/18/2013,2/26/2014,3/5/2014,,98,118,,73.70%,
Tassadar,"PP, non CC",TSC,EB1B,10/25/2013,10/29/2013,No,"Elizabeth, NJ",11/30/2014,32,36,11/26/2013,11/26/2013,BLESSING,,,,,772,,
windward,"PP, CC",TSC,EB1B,10/25/2013,,W,"Boston, MA",,11,,,11/5/2013,12/2/2013,,,27,37,,5.50%,
mightyhare,"PP, non CC",TSC,EB1A,10/25/2013,,No,,11/27/2013,33,32,11/27/2013,11/27/2013,4/23/2014,,,146,178,,91.40%,
lovebaobao28,"PP,non CC",TSC,EB1A,10/24/2013,11/4/1023,W,,,12,,11/20/2013,11/5/2013,2/27/2014,,,112,123,,76.60%,dependent approved the same day
threshway,PP,TSC,EB1A,10/21/2013,,W,,,17,,11/21/2013,11/7/2013,2/6/2014,,,89,105,,69.00%,
computer,"PP, non CC",TSC,EB1A,10/21/2013,,W,"Houston, TX",,38,,11/26/2013,11/28/2013,2/26/2014,,,88,125,,77.00%,dependent is still in Acceptance status
futurehope,"PP, non CC",TSC,EB1A,10/18/2013,10/21/2013,W,"Hackensack, NJ",11/26/2013,11,38,11/19/2013,10/29/2013,3/1/2014,3/7/2014,,122,133,,79.40%,
abcdefggreed,"PP, non CC",TSC,EB1B,10/16/2013,,W,"Latham, NY",11/14/2013,28,28,11/27/2013,11/13/2013,2/8/2014,2/15/2014,,85,112,,71.50%,dependent applicant walkin FP 11/25/2013
rrpardise,pp,TSC,EB1A,10/15/2013,11/6/2013,w,"WPB, FL",11/29/2013,28,44,12/4/2013,11/12/2013,2/15/2014,2/24/2014,,93,120,,75.20%,
RT,no PP,TSC,EB1A,10/15/2013,11/6/2013,W,"Houston, TX",11/29/2013,28,44,11/26/2013,11/12/2013,3/24/2014,3/31/2014,,132,158,,86.20%,
jiehuan,non CC,TSC,EB1A,10/11/2013,10/21/2013,W,"York, PA",11/23/2013,17,42,11/15/2013,10/28/2013,12/5/2013,12/13/2013,,37,54,,24.20%,
samfanusa,non CC,TSC,EB1A,10/11/2013,10/21/2013,W,"Dallas, TX",11/22/2013,26,41,11/15/2013,11/6/2013,12/5/2013,12/13/2013,,29,54,,24.20%,
nihaoya,"PP, non CC",TSC,EB1B,10/9/2013,10/21/2013,No,,11/14/2013,34,35,11/12/2013,11/12/2013,3/5/2014,,,113,146,,82.70%,
caili,"non PP, RFE PP",TSC,EB1A,10/9/2013,10/17/2013,W,"Charleston, SC",11/26/2013,20,47,11/8/2013,10/29/2013,4/8/2014,4/16/2014,,,179,,91.70%,
AC2013,"non PP, non CC",TSC,EB1B,10/2/2013,10/17/2013,NO,,,43,,11/14/2013,11/14/2013,2/22/2014,,,98,140,,80.70%,
qcs,"non PP, non CC",TSC,EB1B,9/30/2013,10/7/2013,W,,11/18/2013,17,48,10/30/2013,10/17/2013,2/13/2014,,,116,133,,79.40%,
CrabABC,"PP, non CC",TSC,EB1B,9/30/2013,10/6/2013,No,,,30,,10/30/2013,10/30/2013,12/4/2013,,,34,64,,33.00%,
abd,pp,TSC,EB1B,9/26/2013,10/7/2013,W,,11/11/2013,14,45,10/28/2013,10/10/2013,,,,,,801,,
glycocluster,"non PP, non CC",TSC,EB1A,9/26/2013,10/1/2013,No,,11/10/2013,33,44,10/29/2013,10/29/2013,2/21/2014,,,112,145,,82.30%,
themagic12,"PP, non CC",TSC,EB1A,9/24/2013,10/1/2013,W,"Boston, MA",11/23/2013,24,59,10/28/2013,10/18/2013,2/26/2014,,,128,152,,84.50%,
stardift,"non PP, CC",TSC,EB1B,9/23/2013,10/6/2013,W,"Dallas, TX",11/14/2013,25,51,10/24/2013,10/18/2013,4/17/2014,,154,181,206,,95.50%,
brotherband,"PP, CC",TSC,EB1B,9/20/2013,9/27/2013,W,"Wheaton, MD",10/26/2013,14,36,10/22/2013,10/4/2013,1/8/2014,1/16/2014,74,94,108,,70.50%,
hata,PP,TSC,EB1A,9/20/2013,10/4/2013,W,baltimore,11/9/2013,35,49,10/25/2013,10/25/2013,blessing,,,,,807,,
marathonwang,"PP, non CC",TSC,EB1A,9/20/2013,9/27/2013,W,"Houston, TX",,11,,10/23/2013,10/1/2013,11/9/2013,11/18/2013,,38,50,,18.30%,
eggs,"PP, non CC",TSC,EB1B,9/19/2013,9/25/2013,W,"Latham, NY",11/15/2013,13,56,10/23/2013,10/2/2013,11/12/2013,11/19/2013,-3,40,53,,22.40%,
withstand,"PP, non CC",TSC,EB1A,9/19/2013,9/24/2013,W-F,"Boston, MA",10/28/2013,33,39,10/22/2013,10/22/2013,2/25/2014,3/3/2014,,123,158,,86.20%,
,"PP, non CC",TSC,EB1A,9/17/2013,9/24/2013,NO,,11/2/2013,28,45,10/15/2013,10/15/2013,2/13/2014,2/20/2014,,118,144,,81.70%,"RFE 1/21, RFE RD 2/5"
mmc,"PP, non CC",TSC,EB1B,9/16/2013,9/23/2013,NO,,10/18/2013,29,32,10/15/2013,10/15/2013,12/9/2013,12/16/2013,52,54,83,,53.60%,Transferred to NSC on 10/29
pattaya,"N PP, N CC",TSC,EB1A,9/16/2013,9/23/2013,W,,10/26/2013,18,40,10/16/2013,10/4/2013,12/10/2013,,,66,84,,54.80%,
guangshui,"PP, non CC",TSC,EB1B,9/13/2013,9/30/2013,W,"Birmingham,AL",10/28/2013,25,45,10/23/2013,10/8/2013,11/27/2013,,30,49,74,,44.80%,
memajia,"non-PP, non-CC",TSC,EB1B,9/13/2013,9/30/2013,W,Boston MA,10/25/2013,28,42,10/24/2013,10/11/2013,11/27/2013,,33,46,74,,44.80%,
Pearl,"PP, non CC",TSC,EB1B,9/13/2013,9/26/2013,W,"New York, NY",11/22/2013,19,69,10/11/2013,10/2/2013,12/11/2013,12/18/2013,19,69,88,,57.20%,
adler,"PP, CC",TSC,EB1B,9/13/2013,9/23/2013,NO,,10/28/2013,27,45,10/10/2013,10/10/2013,11/2/2013,11/8/2013,5,22,49,,17.30%,
DB,PP,TSC,EB1A,9/13/2013,9/19/2013,W,,10/22/2013,14,39,10/15/2013,9/27/2013,2/25/2014,3/6/2014,,148,162,,87.40%,
zz,"non-PP, non-CC",TSC,EB1B,9/12/2013,,NO,VA,,22,,10/4/2013,10/4/2013,blessing,,,,,815,,
gsu,"PP, non CC",TSC,EB1A,9/10/2013,9/20/2013,W,"Atlanta, GA",11/13/2013,22,63,10/8/2013,10/2/2013,1/9/2014,,,97,119,,74.70%,
letsflying,"PP, non CC",TSC,EB1A,9/10/2013,9/19/2013,W,,10/26/2013,10,46,10/8/2013,9/20/2013,12/6/2013,,,76,86,,56.80%,
xkxk,"non PP, non CC",TSC,EB1A,9/10/2013,9/19/2013,NO,"Royal Palm Beach, FL",10/28/2013,24,48,10/4/2013,10/4/2013,11/1/2013,11/9/2013,,27,51,,20.00%,
Wang0247,,TSC,,9/10/2013,,NO,,,,,,,11/15/2013,,,,65,,34.40%,
SOICMOS,"PP, non CC",TSC,EB1A,9/9/2013,10/21/2013,NO,,,59,,11/7/2013,11/7/2013,2/26/2014,,,109,167,,89.00%,
imiver,"PP, non CC",TSC,EB1A,9/9/2013,9/20/2013,W,,11/9/2013,14,60,10/7/2013,9/23/2013,12/17/2013,,,84,98,,65.20%,
ML,"PP, non CC",TSC,EB1A,9/9/2013,9/20/2013,NO,,10/18/2013,25,39,10/4/2013,10/4/2013,4/3/2014,,,179,203,,94.90%,
jc,"PP, non CC",TSC,EB1A,9/9/2013,9/19/2013,W,"Boston, MA",10/23/2013,18,44,10/7/2013,9/27/2013,3/6/2014,3/13/2014,,159,177,,90.80%,
remystar,"PP, non CC",TSC,EB1A,9/9/2013,9/16/2013,NO,,10/28/2013,25,49,10/4/2013,10/4/2013,5/28/2014,,,234,259,,97.80%,
sippnet1,"non-PP,Non CC",TSC,EB1A,9/9/2013,9/16/2013,NO,,10/30/2013,28,51,10/7/2013,10/7/2013,5/1/2014,,,204,232,,97.20%,
bengbengxiao,"PP,CC",TSC,EB1B,9/6/2013,9/10/2013,W,New York. NY,,12,,10/1/2013,9/18/2013,10/15/2013,,,27,39,,8.10%,
wantAP,"non PP, non CC",TSC,EB1B,9/6/2013,,,,10/26/2013,25,50,,10/1/2013,11/15/2013,11/21/2013,,44,69,,39.70%,
indy,"PP, non CC",TSC,EB1A,9/5/2013,10/25/2013,W,"Wheaton, MD",,53,,11/12/2013,10/28/2013,12/5/2013,,,37,90,,59.70%,
mdaccbcb,"PP,CC",TSC,EB1A,9/5/2013,9/16/2013,W,"Houston,TX",10/19/2013,13,44,10/7/2013,9/18/2013,11/16/2013,,,58,71,,42.20%,
kingcjj,"PP, non CC",TSC,EB1A,9/5/2013,9/10/2013,NO,,11/1/2013,19,56,9/24/2013,9/24/2013,11/19/2013,,,55,74,,44.80%,
whaticansay,"PP, non CC",TSC,EB1A,9/5/2013,,NO,"Atlanta, GA",10/24/2013,22,49,9/27/2013,9/27/2013,11/6/2013,11/14/2013,,39,59,,28.70%,
niugelongmei,"nonPP, nonCC",TSC,EB1A,9/4/2013,9/10/2013,NO,,,29,,10/3/2013,10/3/2013,10/8/2013,,,5,34,,3.30%,
Toozi,Non CC,TSC,EB1B,8/30/2013,,,,,20,,,9/19/2013,10/22/2013,,,33,52,,21.20%,
ylei76,"PP, non CC",TSC,EB1B,8/30/2013,,no,"Queence, NY",,31,,9/30/2013,9/30/2013,10/10/2013,,,10,40,,9.00%,
BC,"non PP, non CC",TSC,EB1A,8/28/2013,,no,"Nashiville, TN",,28,,9/25/2013,9/25/2013,11/1/2013,,,36,63,,31.40%,
cirill624,"nonPP, nonCC",TSC,EB1A,8/27/2013,9/9/2013,,,9/5/2013,,,9/24/2013,,9/20/2013,10/1/2013,,,23,,0.20%,10/21/2013
dannyhuang,"PP, non CC",TSC,EB1A,8/27/2013,9/4/2013,W,,,17,,10/1/2013,9/13/2013,11/25/2013,,,72,88,,57.20%,
newdj,"PP,non CC",TSC,EB1B,8/23/2013,9/2/2013,W,Vermont,9/30/2013,11,37,9/17/2013,9/3/2013,12/16/2013,,77,103,113,,71.70%,
dongdd,"nonPP, nonCC",TSC,EB1A,8/23/2013,9/6/2013,W,,11/6/2013,17,73,9/23/2013,9/9/2013,12/5/2013,,,86,102,,67.40%,
szsz,"PP, non CC",TSC,EB1A,8/19/2013,8/26/2013,W,,9/26/2013,16,37,9/19/2013,9/4/2013,11/2/2013,,,58,73,,43.80%,
dantemee,"PP, non CC",TSC,EB1B,8/15/2013,8/22/2013,W,"Lawrence, MA",9/28/2013,12,43,9/12/2013,8/27/2013,11/26/2013,,59,89,101,,66.40%,
TT,"PP, non CC",TSC,EB1B,8/15/2013,8/22/2013,W,"Philadelphia, PA",9/28/2013,15,43,9/16/2013,8/30/2013,11/26/2013,,59,86,101,,66.40%,
wjdu,"PP, non cc",TSC,EB1A,8/14/2013,8/21/2013,W,,,13,,9/17/2013,8/27/2013,Blessing,,,,,843,,
burnettyan,"PP, non CC",TSC,EB1B,8/13/2013,8/15/2013,W,"Fort Lauderdale, FL",9/30/2013,13,47,9/11/2013,8/26/2013,10/26/2013,11/4/2013,26,60,73,,43.80%,
oceandeep1,"PP, non cc",TSC,EB1B,8/12/2013,8/16/2013,No,,9/24/2013,31,42,9/12/2013,9/12/2013,11/14/2013,,51,62,92,,60.90%,Transferred to NSC on 10/4
lemontreehe,"PP, non cc",TSC,EB1A,8/12/2013,8/16/2013,No,,9/30/2013,25,48,9/6/2013,9/6/2013,12/13/2013,12/20/2013,,97,121,,75.80%,"Transferred to NSC on 10/2, AD @NSC"
vw51,"PP, non cc",TSC,EB1B,8/9/2013,8/15/2013,W,"Miami, FL",11/8/2013,17,89,9/12/2013,8/26/2013,11/20/2013,,12,84,101,,66.40%,
icypoint,PP,TSC,EB1A,8/9/2013,8/20/2013,No,"Philadelphia, PA",,27,,9/5/2013,9/5/2013,Blessing,,,,,848,,
little bao,PP,TSC,EB1A,8/9/2013,8/20/2013,W,"wheaton, MD",9/24/2013,14,45,9/5/2013,8/23/2013,10/3/2013,,,40,54,,24.20%,
hightea,"non-PP, CC",TSC,EB1B,8/7/2013,8/13/2013,No,"Boston, MA",9/27/2013,30,50,9/6/2013,9/6/2013,,,,"
","
",850,,
alan,"pp, non cc",TSC,EB1A,8/7/2013,8/22/2013,NO,,,32,,9/8/2013,9/8/2013,10/17/2013,,,39,70,,41.10%,
nimble,,TSC,EB1A,8/7/2013,8/15/2013,No,,10/8/2013,23,61,8/30/2013,8/30/2013,1/27/2014,,,147,170,,90.00%,
mtfy,pp,TSC,EB1A,8/5/2013,8/8/2013,w,"pittsburg, PA",10/4/2013,24,59,9/9/2013,8/29/2013,10/21/2013,,,52,76,,47.50%,
evon,,TSC,EB1A,8/5/2013,,,,9/13/2013,25,38,,8/30/2013,10/26/2013,,,56,81,,52.50%,
hx2013,"PP, non cc",TSC,EB1A,8/2/2013,8/8/2013,W,"Durham, NC",9/9/2013,17,37,9/5/2013,8/19/2013,10/18/2013,10/25/2013,,59,77,,48.30%,
buffaloboy,,,,8/2/2013,,,,,,,,,10/7/2013,,,,66,,36.00%,
Bodhidharma,"non-PP, CC",TSC,EB1B,8/1/2013,8/7/2013,No,"Latham, NY",9/19/2013,27,48,,8/28/2013,2/7/2014,,,159,186,,92.70%,
gamelife10,"PP, non cc",TSC,EB1A,8/1/2013,8/8/2013,W,"Durham, NC",,12,,9/3/2013,8/13/2013,10/7/2013,,,54,66,,36.00%,
VEGF,"PP, non cc",TSC,EB1A,7/30/2013,8/6/2013,W,"Boston, MA",9/4/2013,14,34,8/8/2013,8/13/2013,3/3/2014,,,200,213,,96.10%,
annieli,"PP, non CC",TSC,EB1A,7/29/2013,8/6/2013,W,"Lawrence, MA",8/27/2013,22,28,8/28/2013,8/20/2013,10/7/2013,,,47,68,,38.70%,
"Ris
","PP, non CC",TSC,EB1B,7/26/2013,8/3/2013,W,,,10,,,8/5/2013,,,,,,861,,
jjsprite,"PP, non cc",TSC,EB1B,7/25/2013,7/31/2013,NO,,8/19/2013,27,24,8/21/2013,8/21/2013,12/31/2013,,,130,156,,85.90%,
moonlakes,"PP, non cc",TSC,EB1A,7/25/2013,8/2/2013,W,"Wheaton, MD",9/10/2013,13,45,8/23/2013,8/7/2013,10/12/2013,,,65,77,,48.30%,
haku,"PP, non cc",TSC,EB1A,7/25/2013,7/31/2013,W,"Dallas, TX",8/30/2013,8,35,,8/2/2013,10/4/2013,,,62,69,,39.70%,
AM,"PP, CC",TSC,EB1B,7/23/2013,7/25/2013,W ,,8/10/2013,9,17,8/20/2013,8/1/2013,Blessing,,,,,864,,
Germ,"non PP, non CC",TSC,EB1A,7/23/2013,,,,,,,,,10/1/2013,,,,70,,41.10%,LD 485 RD 08/07/2013 appr: 10/01/2013
Soarsun,"PP, non cc",TSC,EB1A,7/19/2013,7/23/2013,W,"Latham, NY",,17,,8/15/2013,8/5/2013,,,,,,868,,
wudimi,"PP, non cc",TSC,EB1B,7/18/2013,,W,,8/28/2013,28,40,7/25/2013,8/15/2013,10/17/2013,,,62,89,,58.50%,LD 485 RD 08/07/2013 appr: 10/01/2013
tcschef,"non PP, non cc",TSC,EB1A,7/18/2013,7/26/2013,NO,"Houston, TX",10/2/2013,25,74,8/12/2013,8/12/2013,10/19/2013,,,68,92,,60.90%,RFE 09/30 RFE RD 10/11
jiaoyn,"PP, non cc",TSC,EB1A,7/18/2013,7/24/2013,NO,,,32,,8/19/2013,8/19/2013,8/24/2013,,,5,36,,4.90%,
Xiaohunan,"PP, non cc",TSC,EB1A,7/18/2013,7/24/2013,NO,,8/28/2013,32,40,8/19/2013,8/19/2013,10/31/2013,,,73,105,,6.50%,
xiaojiong,"PP, non cc",TSC,EB1B,7/17/2013,7/22/2013,W,,8/16/2013,12,29,8/12/2013,7/29/2013,8/17/2013,,,18,30,,1.80%,
stariter,"PP, CC",TSC,EB1A,7/17/2013,7/26/2013,W-F,,,29,,8/16/2013,8/15/2013,8/23/2013,,,8,38,,6.50%,
Thatisit,PP,TSC,EB1B,7/16/2013,7/23/2013,NO,,,27,,8/12/2013,8/12/2013,9/6/2013,,,25,52,,21.20%,
garocky,"PP, non cc",TSC,EB1A,7/16/2013,7/23/2013,W,"Atlanta, GA",,16,,8/16/2013,8/1/2013,8/26/2013,,,25,40,,9.00%,
city,"PP, non cc",TSC,EB1A,7/15/2013,7/17/2013,W,,8/19/2013,11,34,8/15/2013,7/26/2013,10/10/2013,,,75,85,,56.00%,Rfe medical exam submitted on Sep.30
yml,"PP, non cc",TSC,EB1B,7/12/2013,7/18/2013,W,"Lawrence, MA",8/21/2013,14,39,8/14/2013,7/26/2013,8/23/2013,,2,27,41,,10.20%,
muzijing,"PP, non cc",TSC,EB1A,7/12/2013,,,,,33,,,8/14/2013,9/6/2013,,,23,54,,24.20%,
danaodai,"PP, non cc",TSC,EB1A,7/11/2013,7/20/2013,W,,8/19/2013,11,38,8/7/2013,7/22/2013,8/19/2013,,,27,38,,6.50%, 
AFGOD,"pp, non cc",TSC,EB1A,7/9/2013,7/22/2013,W,"OKC, OK",8/9/2013,15,30,8/5/2013,7/24/2013,10/3/2013,,,69,84,,54.80%,dependant approved on Oct.24
EOS,"PP, non cc",TSC,EB1A,7/9/2013,7/19/2013,No,,8/9/2013,31,30,8/9/2013,8/9/2013,8/29/2013,,,20,50,,18.30%,
finkbine,non-PP,TSC,EB1A,7/5/2013,7/18/2013,W,"Manchester, NH",8/16/2013,20,41,8/2/2013,7/25/2013,8/29/2013,,,34,54,,24.20%,
numa,"PP, non CC",TSC,EB1B,7/3/2013,7/11/2013,W,,8/21/2013,16,48,8/2/2013,7/19/2013,10/10/2013,,50,82,97,,64.80%,
nineteen,"PP, non cc",TSC,EB1B,7/3/2013,7/10/2013,W,,8/9/2013,21,36,8/8/2013,7/24/2013,10/10/2013,,62,77,97,,64.80%,
deerpark323,non-PP non-cc,TSC,EB1A,7/3/2013,7/9/2013,W,,8/30/2013,23,57,8/9/2013,7/26/2013,10/8/2013,,,73,95,,63.50%,
William Yuan,"PP, CC",TSC,EB1A,6/27/2013,,W,,8/3/2013,11,36,7/24/2013,7/8/2013,10/2/2013,,,85,95,,63.50%,"RFE for both applicants, on July 27"
kaka,non-PP non-cc,TSC,EB1B,6/24/2013,7/5/2013,No,,8/21/2013,35,57,7/29/2013,7/29/2013,9/7/2013,,17,38,73,,43.80%,Blessing for dependent
IssacTang,"PP, CC",TSC,EB1B,6/24/2013,6/26/2013,NO,,7/18/2013,23,24,,7/17/2013,8/9/2013,8/15/2013,22,22,45,,13.80%,
leoyang,"PP, non CC",TSC,EB1A,6/21/2013,6/27/2013,W,,8/22/2013,21,61,7/25/2013,7/12/2013,9/6/2013,,,54,75,,46.40%,Blessing for dependent
ethandou,"PP, non CC",TSC,EB1B,6/20/2013,7/1/2013,W,,8/9/2013,12,49,7/24/2013,7/2/2013,8/16/2013,,7,44,56,,26.10%,
Gillian85,"PP, CC",TSC,EB1A,6/19/2013,6/27/2013,W,"Philadelphia, PA",7/24/2013,9,35,7/16/2013,6/28/2013,8/22/2013,,,54,63,,31.40%,
flnn,"PP, non CC",TSC,EB1A,6/17/2013,6/24/2013,W,,7/20/2013,8,33,7/17/2013,6/25/2013,8/28/2013,,,64,71,,42.20%,dependant approved on June.02
Pegasus001,"PP, Non CC",TSC,EB1A,6/13/2013,6/26/2013,W,,7/25/2013,18,42,7/12/2013,7/1/2013,10/4/2013,,,70,110,,71.10%,
hankz,"pp, non cc",TSC,EB1B,6/12/2013,7/29/2013,W,,7/19/2013,56,37,8/15/2013,8/7/2013,9/7/2013,9/13/2013,50,30,85,,56.00%,
camdrew,"PP, non CC",TSC,EB1B,6/12/2013,6/19/2013,NO,,8/2/2013,34,50,7/16/2013,7/16/2013,Blessing,,,,,905,,
bingjingshi,"pp, non cc",TSC,EB1A,6/12/2013,6/17/2013,W,,7/25/2013,13,43,7/15/2013,6/25/2013,8/27/2013,,,62,75,,46.40%,
happylife12,"PP, non CC",TSC,EB1A,6/12/2013,6/17/2013,NO,,8/5/2013,28,53,7/10/2013,7/10/2013,8/26/2013,,,46,74,,44.80%,
Mayflower,"PP, non cc",TSC,EB1A,6/7/2013,8/5/2013,W,"Wheaton, MD",,66,,8/23/2013,8/12/2013,9/9/2013,,,27,92,,60.90%,
Zhuji,PP,TSC,EB1A,6/7/2013,6/14/2013,W,"York, PA",7/20/2013,20,43,7/10/2013,6/27/2013,8/10/2013,,,43,63,,31.40%,
assholeboss,"PP, non CC",TSC,EB1A,6/6/2013,6/13/2013,NO,,7/17/2013,32,41,7/8/2013,7/8/2013,7/26/2013,,,18,50,,18.30%,
sleeper,"PP, non cc",TSC,EB1A,6/5/2013,6/12/2013,W,,7/11/2013,13,36,7/5/2013,6/18/2013,7/15/2013,,,27,40,,9.00%,"dependent RFE 7/16, approved 8/13"
orc,"non-PP, non CC",TSC,EB1A,6/3/2013,6/10/2013,NO,,7/13/2013,29,40,7/2/2013,7/2/2013,10/4/2013,,,92,121,,75.80%,
L2013,non-PP non-cc,TSC,EB1A,6/3/2013,6/7/2013,NO,,7/22/2013,28,49,7/1/2013,7/1/2013,7/27/2013,,,26,53,,22.40%,
tinkerbell,non-PP non-cc,TSC,EB1B,5/29/2013,6/11/2013,NO,,6/22/2013,28,23,6/26/2013,6/26/2013,7/12/2013,,20,16,43,,11.60%,
oliviachen ,"pp, non cc",TSC,EB1A,5/29/2013,6/8/2013,W,,6/20/2013,14,21,7/1/2013,6/12/2013,6/27/2013,,,15,28,,0.80%,
feigou,PP,TSC,EB1A,5/23/2013,6/3/2013,W,,7/11/2013,14,48,6/26/2013,6/6/2013,9/5/2013,,,90,103,,68.00%,
tutu2011,pp cc,TSC,EB1A,5/21/2013,6/7/2013,NO,,,31,,6/21/2013,6/21/2013,7/11/2013,,,20,50,,18.30%,
davislee,non-pp non-cc,TSC,,5/20/2013,5/24/2013,NO,,6/17/2013,32,27,6/21/2013,6/21/2013,7/8/2013,8/10/2013,21,17,48,,15.30%,
tiexingxing,non-PP non-cc,TSC,EB1A,5/16/2013,5/20/2013,W,,6/15/2013,19,29,6/19/2013,6/4/2013,6/22/2013,,,18,36,,4.90%,
drouot,,TSC,,5/14/2013,5/20/2013,NO,,6/18/2013,31,34,6/14/2013,6/14/2013,6/28/2013,,,14,44,,12.40%,
guali,"PP, non cc",TSC,EB1B,5/13/2013,5/20/2013,W,,6/13/2013,18,30,6/17/2013,5/31/2013,7/1/2013,,18,31,48,,15.30%,
OcatO,"PP, non cc",TSC,EB1A,5/10/2013,5/22/2013,W,,,20,,6/13/2013,5/30/2013,8/15/2013,,,75,95,,63.50%,
tigermom,"PP, non cc",TSC,EB1A,5/8/2013,5/14/2013,W,,6/8/2013,12,30,6/6/2013,5/20/2013,8/3/2013,,,73,85,,56.00%,
kuan,"PP, non cc",TSC,EB1B,5/3/2013,5/9/2013,W,,5/24/2013,20,21,6/3/2013,5/23/2013,6/14/2013,,21,21,41,,10.20%,
ttoobboo,,TSC,,5/3/2013,5/7/2013,NO,,6/9/2013,34,36,,6/6/2013,6/28/2013,,,22,55,,25.50%,
sunshine09 ,,,,5/2/2013,"
",No,,6/12/2013,29,40,5/31/2013,5/31/2013,6/24/2013,,,24,52,,21.20%,
tigerssy ,"PP, non cc",TSC,EB1B,5/1/2013,5/7/2013,NO,,5/21/2013,34,20,6/4/2013,6/4/2013,6/22/2013,,32,18,51,,20.00%,
 mumu1129,"PP, non cc",TSC,EB1,5/1/2013,,W,,5/17/2013,19,16,,5/20/2013,6/10/2013,,,20,39,,8.10%,
dimplelove ,PP，non-CC,TSC,EB1B,4/29/2013,5/17/2013,W,,5/23/2013,21,24,5/24/2013,5/20/2013,6/28/2013,,36,38,59,,28.70%,
kkndwb,"PP, non_CC",TSC,EB1B,4/29/2013,5/17/2013,NO,,5/17/2013,25,18,5/24/2013,5/24/2013,2/28/2014,,287,274,299,,99.40%,
forest23,PP，non-CC,TSC,EB1B,4/26/2013,,W,,5/29/2013,32,33,5/29/2013,5/28/2013,7/24/2013,,56,56,88,,57.20%,
z,"PP,cc",TSC,EB1B,4/24/2013,5/2/2013,W,,5/30/2013,15,36,5/17/2013,5/9/2013,7/22/2013,,53,73,88,,57.20%,
dcxe,"PP, non cc",TSC,EB1A,4/22/2013,5/2/2013,NO,,5/24/2013,24,32,5/16/2013,5/16/2013,6/11/2013,,,25,49,,17.30%,
Bajiuyanhuan,"PP, non cc",TSC,EB1A,4/16/2013,4/22/2013,NO,,4/27/2013,29,11,5/15/2013,5/15/2013,6/1/2013,,,16,45,,13.80%,
momo,"PP, non cc",TSC,EB1B,4/15/2013,4/19/2013,W,,4/27/2013,10,12,5/13/2013,4/25/2013,7/27/2013,,91,92,102,,67.40%,
dking5,"PP, non cc",TSC,EB1A,4/15/2013,4/22/2013,W,,4/27/2013,16,12,5/9/2013,5/1/2013,6/14/2013,,,43,59,,28.70%,
naruto01,"PP, non cc",TSC,EB1A,4/9/2013,4/16/2013,W,,4/29/2013,14,20,5/13/2013,4/23/2013,6/7/2013,,,44,58,,27.10%,
Lumangren,"PP,non cc",TSC,EB1A,4/8/2013,4/17/2013,NO,,,24,,5/2/2013,5/2/2013,5/31/2013,,,29,53,,22.40%,
passengor,"PP, non cc",TSC,EB1A,4/8/2013,4/12/2013,W,,5/1/2013,11,23,5/2/2013,4/19/2013,5/16/2013,,,27,38,,6.50%,
TOXO,"PP, non cc",TSC,EB1A,4/8/2013,4/10/2013,W,,4/26/2013,10,18,5/1/2013,4/18/2013,5/29/2013,,,41,51,,20.00%,
angellee,"PP, non cc",TSC,EB1A,4/4/2013,5/14/2013,W,,4/25/2013,50,21,5/29/2013,5/24/2013,6/22/2013,,,28,78,,49.70%,
letitbe30,"PP, non cc",TSC,EB1A,4/4/2013,4/11/2013,W,,4/25/2013,14,21,5/2/2013,4/18/2013,5/9/2013,,,21,35,,3.90%,
xyz,"non-pp, non cc",TSC,EB1A,4/4/2013,4/10/2013,No,,4/26/2013,27,22,5/1/2013,5/1/2013,Blessing,,,,,973,,RFE
whatever2008,"PP, non cc",TSC,EB1A,4/4/2013,4/10/2013,W,,4/24/2013,13,20,5/8/2013,4/17/2013,6/8/2013,,,51,64,,33.00%,
xiximm,"PP, non cc",TSC,EB1B,4/3/2013,4/15/2013,W,,4/23/2013,13,20,5/8/2013,4/16/2013,5/21/2013,,28,35,48,,15.30%,
xiaopanghou,"PP, non cc",TSC,EB1A,4/2/2013,4/9/2013,NO,,4/27/2013,34,25,5/6/2013,5/6/2013,5/30/2013,,,24,58,,27.10%,
happyhappyha,no PP,TSC ,EB2,4/1/2013,4/5/2013,W,,4/19/2013,,18,5/1/2013,,5/9/2013,,20,20,38,,6.50%,
miaomiao,"PP, non cc",TSC,EB1B,3/29/2013,4/2/2013,NO,,4/19/2013,27,20,4/25/2013,4/25/2013,6/3/2013,,45,38,64,,33.00%,
simonsf421,"PP, non cc",TSC,EB1A,3/29/2013,4/1/2013,W,,4/18/2013,19,19,4/23/2013,4/17/2013,5/10/2013,,,23,41,,10.20%,
idmgsph,non CC,TSC,EB1,3/29/2013,,,,,,,,,5/7/2013,,,,38,,6.50%,
gouji,"PP,non cc",TSC,EB1B,3/28/2013,4/1/2013,W,,,12,,4/23/2013,4/9/2013,6/3/2013,,,54,65,,34.40%,
saladeater ,"PP, non cc",TSC,EB1B,3/28/2013,3/29/2013,W,,4/19/2013,12,21,4/23/2013,4/9/2013,6/10/2013,,,61,72,,43.00%,
juggernaut ,"PP, non CC",TSC,EB1A,3/28/2013,,,,,28,,,4/25/2013,6/27/2013,,,62,89,,58.50%,
wpj ,"PP, non cc",TSC,EB1A,3/27/2013,,,,,,,,,4/27/2013,,,,30,,1.80%,
dustinn,"PP, non cc",TSC,EB1B,3/26/2013,3/26/2013,,,,,,,,6/3/2013,,,,67,,37.30%,
L,non-PP non-cc,TSC,EB1A,3/26/2013,3/28/2013,W,,4/11/2013,10,,4/26/2013,4/5/2013,5/8/2013,,,33,42,,11.00%,
thebay,N CC,TSC,,3/26/2013,3/28/2013,W,,,14,,4/25/2013,4/9/2013,Blessing,,,,,981,,
Rover,"PP, cc",TSC,EB1B,3/25/2013,3/27/2013,W,,4/15/2013,14,20,4/22/2013,4/8/2013,5/3/2013,,18,25,38,,6.50%,
netoflong,non-pp non-cc,TSC,EB1A,3/25/2013,4/3/2013,W,,4/22/2013,11,27,4/18/2013,4/5/2013,5/9/2013,,,34,44,,12.40%,
garfieldnini,"PP, non cc",TSC,EB1A,3/25/2013,4/3/2013,W,,4/23/2013,14,28,4/21/2013,4/8/2013,7/8/2013,,,,103,,68.00%,RFE (6/5/13)
eggegg123,"PP, non cc",TSC,EB1A,3/25/2013,3/29/2013,NO,,4/22/2013,31,27,4/25/2013,4/25/2013,5/31/2013,,,36,66,,36.00%,
Walkwoman,"PP,non cc",TSC,EB1B,3/22/2013,3/28/2013,W,,4/19/2013,14,27,4/22/2013,4/5/2013,4/20/2013,,1,15,28,,0.80%,
aaddoo,,,,3/22/2013,,,,,28,,4/18/2013,4/19/2013,4/27/2013,,,8,35,,3.90%,
blueblur,"PP, non cc",TSC,EB1B,3/20/2013,3/26/2013,W,,4/8/2013,19,18,4/18/2013,4/8/2013,6/18/2013,,71,70,88,,57.20%,
Woshiboshi,Pp noncc,TSC,Eb1b,3/18/2013,3/28/2013,,,4/8/2013,78,20,4/15/2013,6/4/2013,6/20/2013,,73,16,92,,60.90%,"FP on 06/04, waiting for gc"
laochang,,TSC,EB1B,3/18/2013,,,,4/4/2013,28,16,,4/15/2013,5/15/2013,,41,30,57,,26.90%,
lcan,PP not CC,TSC,EB1A,3/14/2013,3/21/2013,W,,4/3/2013,13,19,4/4/2013,3/27/2013,7/10/2013,,,103,116,,73.30%,
beifenglang,"PP, Non CC",TSC,EB1A,3/14/2013,,W,,,12,,,3/26/2013,4/11/2013,,,15,27,,0.60%,
Mamawok,"PP, Non CC",TSC,EB1A,3/14/2013,,W,,,13,,,3/27/2013,4/15/2013,,,18,31,,2.80%,
zmhappy8,"PP, non CC",TSC,EB1,3/14/2013,,W,,3/27/2013,12,13,,3/26/2013,4/12/2013,,,16,28,,0.80%,
pxjdream,"PP, non cc",TSC,EB1B,3/13/2013,3/18/2013,NO,,4/1/2013,23,18,4/5/2013,4/5/2013,4/26/2013,,25,21,43,,11.60%,
Calendar,"PP, non cc",TSC,EB1A,3/13/2013,3/19/2013,W,,4/15/2013,12,32,4/9/2013,3/25/2013,5/13/2013,,,48,60,,29.90%,
fanR9,"PP, non cc",TSC,EB1A,3/13/2013,3/19/2013,W,,4/15/2013,16,32,4/11/2013,3/29/2013,5/13/2013,,,44,60,,29.90%,
dharmacon,"PP, no CC ",TSC,EB1B,3/12/2013,3/19/2013,W,,4/5/2013,13,23,4/16/2013,3/25/2013,6/6/2013,,62,71,84,,54.80%,
water00,non cc,TSC,EB1B,3/11/2013,3/22/2013,W,,,14,,4/10/2013,3/25/2013,4/13/2013,,,18,32,,2.90%,
kk,"PP, non cc",TSC,EB1B,3/11/2013,3/18/2013,NO,,3/26/2013,24,15,4/4/2013,4/4/2013,4/29/2013,,34,25,48,,15.30%,
printk,"PP, no CC ",TSC,EB1,3/11/2013,3/18/2013,NO,,4/13/2013,24,32,4/4/2013,4/4/2013,4/29/2013,,,25,48,,15.30%,
lubitcn,"PP,non CC",TSC,EB1A,3/8/2013,3/19/2013,NO,,4/1/2013,32,23,4/9/2013,4/9/2013,6/1/2013,,,52,83,,53.60%,
ee,"PP,non CC",TSC,EB1A,3/7/2013,,NO,,4/15/2013,27,38,4/3/2013,4/3/2013,6/18/2013,,,75,101,,66.40%,
JFS,"nonPP, nonCC",TSC,EB1B,3/6/2013,,W,,4/3/2013,14,27,4/1/2013,3/20/2013,Blessing,,,,,1001,,
daweiguoguo,"PP, no CC ",TSC,EB1B,3/5/2013,3/8/2013,W,,3/25/2013,21,20,3/25/2013,3/26/2013,4/10/2013,,,14,35,,3.90%,
mitwater,"pp, non-cc",TSC,EB1A,3/4/2013,3/7/2013,W,,,13,,4/1/2013,3/17/2013,5/13/2013,,,56,69,,39.70%,
jinzituo,"PP, non cc",TSC,EB1A,3/1/2013,4/1/2013,W,,4/11/2013,40,40,4/25/2013,4/10/2013,5/4/2013,,,24,63,,31.40%,
mikezys,pp,TSC,EB1A,3/1/2013,3/16/2013,W,,,17,,,3/18/2013,4/1/2013,,,13,30,,1.80%,
andycai,"PP, non cc",TSC,EB1A,2/28/2013,3/6/2013,W,,4/8/2013,13,38,3/22/2013,3/13/2013,4/13/2013,,,31,44,,12.40%,
jjliy,"PP,Non CC",TSC,EB1,2/28/2013,,,,,13,,,3/13/2013,4/3/2013,,,20,33,,3.10%,
canhelp2007,"PP, non cc",TSC,EB1B,2/27/2013,3/5/2013,W,,3/20/2013,13,23,3/26/2013,3/12/2013,4/2/2013,,13,20,35,,3.90%,
bjmuyj,"PP, non cc",TSC,EB1B,2/27/2013,,W,,3/20/2013,15,23,,3/14/2013,Blessing,,,,,1010,,
hl,non PP. no CC,TSC,EB1B,2/27/2013,,NO,,,19,,3/18/2013,3/18/2013,4/17/2013,,,29,50,,18.30%,485 RFE 4/1/13
diomedes ,"PP, Non CC",TSC,EB1A,2/27/2013,,NO,,,19,,3/18/2013,3/18/2013,4/1/2013,,,13,34,,3.30%,
paolongtao,Non CC,TSC,EB1,2/27/2013,,,,,20,,,3/19/2013,4/15/2013,,,26,48,,15.30%,
zxxlwl ,"PP, Non CC",TSC,EB1,2/27/2013,,NO,,3/23/2013,27,26,3/26/2013,3/26/2013,4/12/2013,,,16,45,,13.80%,
sea000,"PP, Non CC",TSC,EB1A,2/26/2013,,W,,,7,,,3/5/2013,4/6/2013,,,31,40,,9.00%,
ylq222,Non CC,TSC,EB1A,2/25/2013,3/20/2013,W,,,9,,,3/6/2013,4/6/2013,,,30,41,,10.20%,
joy888,Non CC,TSC,EB1A,2/25/2013,,,,,18,,,3/15/2013,4/27/2013,,,42,62,,31.00%,
mitforever,"PP, non CC",TSC,EB1A,2/25/2013,,W,,,27,,,3/24/2013,4/4/2013,,,10,39,,8.10%,
cysteine28,"PP, non CC",TSC,EB1,2/21/2013,,W,,,6,,,2/27/2013,5/1/2013,,,64,70,,41.10%,
winniepiero,Non CC,TSC,EB1A,2/20/2013,3/1/2013,W,,,20,,,3/12/2013,4/26/2013,,,44,55,,25.50%,
Scar,"nonPP, nonCC",TSC,EB1A,2/20/2013,2/22/2013,W,,4/1/2013,9,20,3/19/2013,3/1/2013,5/22/2013,,,81,92,,60.90%,
Synthon,,TSC,EB1,2/19/2013,,,,,,,,,5/3/2013,,,,74,,44.80%,
joni,"PP, non cc",TSC,EB1B,2/15/2013,2/19/2013,W,,3/12/2013,21,27,3/21/2013,3/8/2013,5/30/2013,,79,,105,,69.00%,
tiekuai,"Non PP, CC",TSC,EB1B,2/15/2013,,,,3/15/2013,,30,,,4/1/2013,,17,,46,,14.70%,
xxx,"PP, non cc",TSC,EB1A,2/14/2013,2/19/2013,NO,,4/3/2013,27,49,3/13/2013,3/13/2013,4/20/2013,,,37,66,,36.00%,
newtexas,PP,TSC,EB1B,2/13/2013,,W,,,,,3/12/2013,,3/22/2013,,,24,39,,8.10%,
yc,non cc,TSC,EB1B,2/13/2013,,,,,,,,,5/30/2013,,,,107,,70.10%,
ID101,"PP, non cc",TSC,EB1A,2/13/2013,,,,3/13/2013,27,30,,3/12/2013,4/5/2013,,,24,52,,21.20%,
drlm,"PP, non cc",TSC,EB1B,2/12/2013,,NO,,,28,,3/12/2013,3/12/2013,4/10/2013,,,28,58,,27.10%,
jitterite,nonPP nonCC,TSC,EB1A,2/11/2013,2/20/2013,NO,,3/5/2013,30,24,3/13/2013,3/13/2013,3/29/2013,,,16,48,,15.30%,
nene415,PP,TSC,EB1A,2/8/2013,2/14/2013,W,,3/2/2013,18,24,3/8/2013,2/26/2013,3/22/2013,,,26,44,,12.40%,
wxl790625,PP，non CC,TSC,EB1,2/8/2013,,,,,,,,,4/1/2013,,,,53,,22.40%,
zzsdehs ,PP，non CC,TSC ,EB1B,2/7/2013,2/20/2013,W,,3/5/2013,19,28,,2/26/2013,4/1/2013,,,35,54,,24.20%,
Rashel2010,"PP, non cc",TSC,EB1A,2/7/2013,2/15/2013,NO,,3/5/2013,28,28,3/7/2013,3/7/2013,5/6/2013,,,59,89,,58.50%,
redpoppy,non-PP non-cc,TSC,EB1A,2/7/2013,2/11/2013,W,,,14,,2/25/2013,2/21/2013,5/7/2013,,,76,90,,59.70%,
woshiwo,,TSC,EB1A,2/7/2013,,NO,,,26,,3/5/2013,3/5/2013,3/21/2013,,,16,44, ,12.40%,
Rajon Rondo,PP non CC,TSC,EB1A,2/5/2013,2/7/2013,NO,,2/26/2013,27,21,3/4/2013,3/4/2013,4/3/2013,,,29,58,,27.10%,
happyocean,non CC,TSC,NIW,2/1/2013,2/11/2013,NO,,2/22/2013,24,21,2/25/2012,2/25/2013,4/17/2013,,,52,76,,47.50%,
wsun1122,"Non PP, CC",TSC,EB1B,2/1/2013,,NO,,,27,,2/28/2013,2/28/2013,4/6/2013,,,36,65,,34.40%,
jizesi,"PP, Non CC",TSC,EB1B,1/31/2013,2/8/2013,NO,,,25,,2/25/2013,2/25/2013,4/1/2013,,,36,61,,30.60%,
Heavenbless,,TSC,EB1A,1/31/2013,2/27/2013,W,,,15,,,2/15/2013,4/2/2013,,,47,62,,31.00%,
hdlldh,"PP, Non CC",TSC,EB1A,1/30/2013,2/5/2013,W,,2/26/2013,16,26,2/26/2013,2/15/2013,4/19/2013,,,,79,,50.90%,
mmacabre,,TSC,EB1B,1/29/2013,,,,2/26/2013,23,27,,2/21/2013,4/12/2013,,,51,73,,43.80%,
eggsoup,"non pp, non cc",TSC,EB1B,1/25/2013,2/9/2013,W,,2/8/2013,17,13,2/22/2013,2/11/2013,3/2/2013,,,21,37,,5.50%,
ford99,"non pp, non cc",TSC,EB1B,1/25/2013,2/9/2013,W,,3/5/2013,17,40,2/22/2013,2/11/2013,6/1/2013,,,110,126,,77.40%,
blue,"pp, noncc",TSC,EB1B,1/25/2013,1/29/2013,NO,,2/12/2013,32,17,2/26/2013,2/26/2013,4/10/2013,,,44,75,,46.40%,
leu,PP,TSC,EB1A,1/24/2013,2/4/2013,W,,2/21/2013,13,27,2/19/2013,2/6/2013,2/22/2013,,,16,28,,0.80%,
nhyda,"PP, noncc",TSC,EB1B,1/23/2013,2/1/2013,W,,2/8/2013,22,15,3/7/2013,2/14/2013,3/28/2013,,,44,65,,34.40%,
Lanbao,Non CC,TSC,EB1B,1/23/2013,,,,,37,,,3/1/2013,4/11/2013,,,40,78,,49.70%,
Sunnyboy007,"PP, non CC",TSC,EB1B,1/16/2013,1/29/2013,W,,2/13/2013,14,27,2/26/2013,1/30/2013,2/22/2013,,,22,36,,4.90%,
xpxpxpxp,PP,TSC,EB1B,1/16/2013,,NO,,2/6/2013,26,20,2/11/2013,2/11/2013,5/16/2013,,,95,120,,75.20%,
Procter ,"PP, Non cc",TSC,EB1A,1/14/2013,2/11/2013,W,,1/26/2013,32,12,2/28/2013,2/15/2013,4/9/2013,,,24,85,,56.00%,
Zebrakit,,TSC,EB1,1/7/2013,,,,,,,,,Blessing,,,,,1060,,
yoyozhai ,PP,TSC,EB1B,12/19/2012,12/30/2012,NO,,1/26/2013,29,,1/17/2013,1/17/2013,2/15/2013,,,28,56,,26.10%,485 RFE 2/05/2013 flu shot
danceforfun,"Non PP, CC",TSC,EB1C,12/12/2012,,,,,85,,,3/7/2013,4/6/2013,,,29,114,,72.30%,
fath,PP,TSC,EB1B,12/12/2012,,NO,,2/1/2013,28,,1/9/2013,1/9/2013,2/26/2013,,,48,74,,44.80%,
Greendianxin,,TSC,EB1B,12/7/2012,2/10/2013,W,,2/19/2013,76,,2/28/2013,2/21/2013,3/9/2013,,,18,92,,60.90%,
xsh,"PP, non CC",TSC,EB1A,12/6/2012,2/7/2013,W,,12/29/2012,64,23,2/28/2013,2/8/2013,4/27/2013,,,79,141,,81.10%,
lylyuj ,,TSC,EB1A,12/6/2012,12/26/2012,W,,1/11/2013,29,35,1/23/2013,1/4/2013,2/12/2013,,,38,66,,36.00%,
DogDoe,PP,TSC,EB1A,12/5/2012,,NO,,,40,,1/14/2013,1/14/2013,2/8/2013,,,24,63,,31.40%,
piggybon,PP,TSC,EB1A,12/3/2012,,,,,,,,,3/18/2013,,,,105,,69.00%,
whuciac,,TSC,,12/1/2012,,W,,,20,,,12/21/2012,2/8/2013,,,47,67,,37.30%,
laptop20099,,TSC,,12/1/2012,,,,,20,,,12/21/2012,5/30/2013,,,,179,,91.70%,
jjyyggll,"pp, non CC",TSC,EB1B,11/30/2012,12/28/2012,,,12/21/2012,18,,,12/18/2012,1/19/2013,,,31,49,,17.30%,
iamright,no pp,TSC,EB1B,11/29/2012,,W,,,13,,,12/12/2012,12/27/2012,,,15,28,,0.80%,
stock2009,non pp,TSC,EB1A,11/29/2012,12/31/2012,,,,32,,,12/31/2012,1/12/2013,,,12,43,,11.60%,
dbabay,non CC,TSC,,11/26/2012,12/3/2012,,,,8,,,12/4/2012,12/21/2012,,,17,25,,0.40%,Fastest Record
ahongg,"Non PP,CC",TSC,EB1B,11/23/2012,,,,12/17/2012,33,,,12/26/2012,4/8/2013,,,102,135,,80.20%,
xyy2266,,TSC,EB1A,11/21/2012,,,,12/20/2012,6,29,,11/27/2012,12/28/2012,,,31,37,,5.50%,
flyfishli,PP + Non CC,TSC,EB1A,11/19/2012,11/30/2012,,,12/17/2012,16,28,,12/5/2012,1/26/2013,,,51,67,,37.30%,
xiguasuan,PP + Non CC,TSC,EB1B,11/13/2012,11/26/2012,,,12/14/2012,14,,,11/27/2012,1/23/2013,,,56,70,,41.10%,
arlc,CC,TSC,EB1A,11/9/2012,,,,11/11/2012,,2,,,12/9/2012,,,,30,,1.80%,
bebewife,con PP,TSC,EB1B,11/1/2012,12/4/2012,,,12/7/2012,33,,,12/4/2012,1/10/2013,,,36,69,,39.70%,
elin033,,TSC,EB1B,10/31/2012,,W,,12/26/2012,33,,,12/3/2012,12/26/2012,,,23,56,,26.10%,
chenshuitong,,TSC,EB1A,10/29/2012,,,,,16,,,11/14/2012,12/3/2012,,,19,34,,3.30%,
nanoflower,,TSC,EB1A,10/26/2012,11/16/2012,,,12/21/2012,39,55,,12/4/2012,12/26/2012,,,22,60,,29.90%,
chemlabor,,TSC,EB1A,10/24/2012,,,,,13,,,11/6/2012,12/12/2012,,,36,48,,15.30%,
movingbox,"PP, CC",TSC,EB1B,10/18/2012,,,,,22,,,11/9/2012,11/26/2012,,,17,38,,6.50%,
yoyoha,,TSC,,10/18/2012,,,,,29,,,11/16/2012,12/11/2012,,,25,53,,22.40%,
sunny219,,TSC,,10/12/2012,12/12/2012,,,,40,,,11/21/2012,12/15/2012,,,24,63,,31.40%,
flyingpig2,PP,TSC,,10/11/2012,,,,,34,,,11/14/2012,12/31/2012,,,47,80,,51.30%,
iamright,"PP, non-CC",TSC,EB1B,10/9/2012,,,,,20,,,10/29/2012,11/9/2012,,,10,30,,1.80%,
dongding,,TSC,EB1B,10/9/2012,,,,11/7/2012,22,,,10/31/2012,12/17/2012,,,47,68,,38.70%,
Loveanthony,non PP,TSC,EB1A,10/3/2012,,,,,26,,,10/29/2012,12/8/2012,,,39,65,,34.40%,
mirmaid,,TSC,EB1A,9/27/2012,10/9/2012,,,10/19/2012,27,22,,10/24/2012,12/17/2012,,,53,80,,51.30%,
robbine75,N/A,TSC,EB1A,9/25/2012,N/A,,,,45,,N/A,11/9/2012,12/10/2012,,,31,75,,46.40%,
bluelinger,,TSC,,9/25/2012,,,,10/26/2012,29,,,10/24/2012,11/29/2012,,,35,64,,33.00%,
qqwbb,,TSC,,9/19/2012,,,,10/17/2012,15,,,10/4/2012,10/26/2012,,,22,37,,5.50%,
"lightwind
",,TSC,,9/19/2012,,,,,,,,,11/27/2012,,,,68,,38.70%,
needaname,,TSC,,9/18/2012,,,,10/5/2012,34,,,10/22/2012,11/6/2012,,,14,48,,15.30%,
adai007,,TSC,,9/15/2012,,,,,74,,,11/28/2012,12/21/2012,,,23,96,,64.00%,
grayshiwb,,TSC,EB1A,9/13/2012,,,,10/22/2012,35,39,,10/18/2012,12/26/2012,,,68,103,,68.00%,
jianfech,"no pp, CC",TSC,Eb1b,9/2/2012,,,,,,,,,12/14/2012,,,,102,,67.40%,
Lijunpan1974,PP,TSC,EB1A,8/31/2012,9/4/2012,,,9/27/2012,27,27,,9/27/2012,11/3/2012,,,36,63,,31.40%,
laserwater,,TSC,EB1A,8/29/2012,,,,10/5/2012,49,36,,10/17/2012,11/28/2012,,,41,89,,58.50%,
yangbian,"non pp, CC",TSC,EB1B,8/15/2012,8/24/2012,NO,,9/12/2012,29,,9/13/2012,9/13/2012,1/26/2013,,,133,161,,87.00%,
zhangmingnk,,TSC,EB1A,8/7/2012,,,,,,,,,1/2/2013,,,,145,,82.30%,
(anonymous),non-pp,TSC,EB1A,8/3/2012,,,,,20,,,8/23/2012,9/26/2012,,,33,53,,22.40%,
brandon2008,,TSC,EB1A,7/25/2012,,,,,22,,,8/16/2012,11/8/2012,,,82,103,,68.00%,
sjzhang,,,EB1A,7/24/2012,8/7/2012,,,8/20/2012,23,26,,8/16/2012,11/3/2012,,,77,99,,65.60%,
cynthiadodo,,TSC,EB1A,7/20/2012,,,,,26,,,8/15/2012,12/14/2012,,,119,144,,81.70%,
(anonymous),"N-PP, non-CC",TSC,EB1A,7/13/2012,7/26/2012,,,,24,,,8/6/2012,10/4/2012,,,58,81,,52.50%,
JuneBug,"PP, non CC",TSC,EB1A,7/10/2012,,,,8/4/2012,30,24,,8/9/2012,11/5/2012,,,86,115,,73.10%,
shawshark,PP,,EB1B,7/8/2012,,,,,31,,,8/8/2012,11/1/2012,,,83,113,,71.70%,
leffton,,,EB1A,7/7/2012,,,,,31,,,8/7/2012,11/6/2012,,,89,119,,74.70%,
branchmer,,TSC,,7/6/2012,,,,8/10/2012,32,,,8/7/2012,12/18/2012,,,131,162,,87.40%,
windybird,CC,,EB1B,7/5/2012,,,,,35,,,8/9/2012,1/2/2013,,,143,177,,90.80%,
fffttt,"PP, non CC",TSC,EB1A,7/3/2012,7/17/2012,,,8/23/2012,36,50,,8/8/2012,8/23/2012,,,15,50,,18.30%,
newforest,,TSC,,7/2/2012,,,,7/27/2012,14,,,7/16/2012,12/5/2012,,,121,153,,85.30%,
wangchy,"N PP, N CC",TSC,EB1B,6/29/2012,7/16/2012,,,8/24/2012,39,,,8/7/2012,10/16/2012,,,121,107,,70.10%,
disaimisong,"N PP ,N CC",TSC,EB1A,6/25/2012,7/6/2012,,,7/21/2012,31,26,,7/26/2012,11/15/2012,,,121,140,,80.70%,
dede7412,"PP, N CC",TSC,EB1A,6/21/2012,8/21/2012,,,,84,,,9/13/2012,10/29/2012,,,46,128,,78.40%,
jntl,,,,6/14/2012,,,,,,,,,11/7/2012,,,46,143,,81.50%,
isimifi,CC,TSC,EB1B,6/12/2012,,,,,41,,,7/23/2012,11/8/2012,,,105,146,,82.70%,
MatthewJX,,TSC,EB1A,6/12/2012,,,,7/12/2012,37,30,,7/19/2012,11/3/2012,,,104,141,,81.10%,
Creep,"PP, non CC",TSC,EB1A,6/7/2012,8/20/2012,,,7/14/2012,89,37,,9/4/2012,11/9/2012,,,105,152,,84.50%,
Shrimp,"PP, non CC",TSC,EB1b,6/4/2012,6/25/2012,,,,37,,,7/11/2012,8/11/2012,,,30,67,,37.30%,
bigapple0604,"PP, CC",TSC,,6/4/2012,,,,,,,,,10/28/2012,,,39,144,,81.70%,
sharpstill05,,,,6/1/2012,,,,,,,,,11/5/2012,,,,154,,85.70%,
blackred,"PP,non CC",TSC,EB1B,5/31/2012,,,,6/20/2012,,,,,12/21/2012,,,,201,,94.50%,
may09,"PP, non CC",TSC,EB1a,5/29/2012,8/14/2012,,,6/13/2012,90,14,,8/27/2012,9/26/2012,,,29,117,,73.50%,
perry,,,,5/28/2012,,,,,,,,,11/7/2012,,,,159,,86.60%,
LovlyBone,"pp, not CC",TSC,EB1A,5/25/2012,8/21/2012,,,,116,,,9/18/2012,10/27/2012,,,39,152,,84.50%,
lylx,"PP, no-CC",TSC,EB1B,5/17/2012,6/19/2012,,,6/4/2012,18,,,6/4/2012,10/29/2012,,,39,162,,87.40%,
windnorth,pp not CC,TSC,EB1B,5/10/2012,,,,5/18/2012,69,,,7/18/2012,8/9/2012,,,39,89,,58.50%,
hxsmile,pp not CC,TSC,EB1B,4/24/2012,5/15/2012,,,5/12/2012,45,,,6/8/2012,6/28/2012,,,20,64,,33.00%,
ZhaoyLi,pp not CC,TSC,EB1A,4/24/2012,6/25/2012,,,5/26/2012,87,32,,7/20/2012,8/10/2012,,,20,106,,69.90%,
fighthard99,pp not CC,TSC,EB1B,4/18/2012,,,,,65,,,6/22/2012,7/11/2012,,,19,83,,53.60%,
divinecookie,pp not CC,TSC,EB1B,4/16/2012,,,,,28,,,5/14/2012,6/15/2012,,,31,59,,28.70%,
liuykchi,pp not CC,TSC,EB1B,4/12/2012,5/7/2012,,,,47,,,5/29/2012,6/17/2012,,,18,65,,34.40%,
zumba2011,non-pp,TSC,EB1A,4/10/2012,,,,5/12/2012,41,32,,5/21/2012,6/27/2012,,,36,77,,48.30%,
Callj485,pp not CC,TSC,EB1A,4/9/2012,5/4/2012,,,5/18/2012,46,39,,5/25/2012,5/25/2012,,,36,46,,14.70%,
jojochan,pp not CC,TSC,EB1A,4/9/2012,5/2/2012,,,6/29/2012,50,80,,5/29/2012,10/25/2012,,,36,196,,93.90%,
sunyao1982,pp CC,TSC,EB1B,4/4/2012,4/20/2012,,,5/12/2012,35,,,5/9/2012,8/14/2012,,,97,130,,79.00%,
lombroso,pp not CC,TSC,EB1A,3/30/2012,5/24/2012,,,5/2/2012,67,32,,6/5/2012,6/23/2012,,,18,83,,53.60%,
Crystalline,pp not CC,TSC,EB1A,3/27/2012,4/23/2012,,,4/21/2012,41,24,,5/7/2012,6/14/2012,,,38,77,,48.30%,
whywhywhywhy,pp not CC,TSC,EB1B,3/23/2012,4/16/2012,,,4/16/2012,33,,,4/25/2012,6/22/2012,,,58,89,,58.50%,
NAS,pp not CC,TSC,EB1A,3/21/2012,4/2/2012,,,4/28/2012,34,37,,4/24/2012,6/13/2012,,,50,82,,53.20%,
Flyingkick,"PP, non CC",TSC,EB1B,3/9/2012,,,,4/14/2012,54,,,5/2/2012,6/18/2012,,,47,99,,65.60%,
ghostlover,"PP,non CC",TSC,eb1a,3/9/2012,,,,5/9/2012,66,60,,5/14/2012,7/7/2012,,,47,118,,73.70%,
gracelin2002,pp not CC,TSC,EB1A,3/9/2012,,,,,,,,,6/18/2012,,,47,99,,65.60%,
reykeryao,pp not CC,TSC,EB1B,3/7/2012,3/29/2012,,,4/6/2012,23,,,3/30/2012,5/11/2012,,,42,65,,34.40%,
bngus,pp not CC,TSC,EB1A,3/6/2012,4/17/2012,,,3/31/2013,70,385,,5/15/2012,5/26/2013,,,,446,,100.00%,
zyasshole,non-pp,TSC,EB1A,2/22/2012,3/5/2012,,,,29,,,3/22/2012,6/12/2012,,,,110,,71.10%,
qqlxl,pp not CC,TSC,EB1B,2/9/2012,3/12/2012,,,3/23/2012,60,,,4/9/2012,8/4/2012,,,115,178,,91.40%,
lovekiwi,non-pp,TSC,EB1B,2/6/2012,,,,,,,,,7/18/2012,,,25,162,,87.40%,
xiafan3000,nonCC,TSC,,2/1/2012,,,,3/28/2012,51,,,3/23/2012,4/17/2012,,,25,76,,47.50%,
zhanglm79,"pp, CC",TSC,EB1B,1/31/2012,,,,2/18/2012,28,,,2/28/2012,3/22/2012,,,23,52,,21.20%,
dayuoo,pp not CC,TSC,EB1A,1/29/2012,,,,,36,,,3/5/2012,3/24/2012,,,19,55,,25.50%,
(anonymous),"pp, not CC",TSC,EB1B,1/25/2012,2/8/2012,,,3/3/2012,23,,,2/17/2012,4/26/2012,,,70,91,,60.30%,
btsor,"pp, not CC",TSC,EB1?,1/24/2012,,,,,59,,,3/23/2012,4/11/2012,,,19,77,,48.30%,
jieluapplica,non-pp,TSC,EB1A,1/23/2012,3/28/2012,,,3/10/2012,79,47,,4/11/2012,6/19/2012,,,69,146,,82.70%,
yukawac,,TSC,EB1?,1/19/2012,,,,2/24/2012,40,,,2/28/2012,4/6/2012,,,38,77,,48.30%,
cidxie,not CC,TSC,EB1B,1/18/2012,,,,2/28/2012,55,,,3/13/2012,4/16/2012,,,34,88,,57.20%,
mitmagic,"N PP, N CC
",TSC,EB1A,1/18/2012,1/31/2012,,,2/27/2012,19,39,,2/6/2012,3/29/2012,,,52,71,,42.20%,
Yubaby,"N PP, N CC
",TSC,EB1B,1/17/2012,,,,3/5/2012,52,,,3/9/2012,4/6/2012,,,28,79,,50.90%,
cloe,"N PP, N CC
",TSC,EB1B,1/10/2012,1/19/2012,,,2/13/2012,30,,,2/9/2012,4/6/2012,,,57,86,,56.80%,
Aphor,"N PP, N CC
",TSC,EB1A,1/10/2012,1/20/2012,,,2/25/2012,31,45,,2/10/2012,3/23/2012,,,42,73,,43.80%,
fesem,"PP, N CC",TSC,EB1B,1/9/2012,,,,3/1/2012,38,,,2/16/2012,3/23/2012,,,36,74,,44.80%,
(anonymous),"PP, N CC",TSC,EB1B,1/9/2012,,,,,,,,,3/31/2012,,,36,82,,53.20%,
blackleaf,,,EB1A,1/9/2012,,,,2/15/2012,,36,,,3/27/2012,,,36,78,,49.70%,
xiaoshanj,"PP, N CC",TSC,EB1B,1/3/2012,,,,2/9/2012,31,,,2/3/2012,4/14/2012,,,71,101,,66.40%,
beyondla,N CC,TSC,EB1,1/3/2012,,,,,22,,,1/25/2012,3/23/2012,,,58,80,,51.30%,
oldstomach,"PP, non CC",TSC,EB1A,,12/22/2014,No,,2/17/2015,1/6/2015,60,1/6/2015,1/6/2015,4/21/2015,,63,105,-97,,0.00%,
,,,,,,,,,,,,,,,,,,,,
ronnie,,,,,,,,,,,,,,,,,,,,